country_code,employee_number,year,exports_value_in_dollars
AUT,ALLSIZE,2008,180553
AUT,ALLSIZE,2009,136438
AUT,ALLSIZE,2010,152413
AUT,ALLSIZE,2011,177190
AUT,ALLSIZE,2012,166619
AUT,ALLSIZE,2013,175109
AUT,ALLSIZE,2014,178011
AUT,ALLSIZE,2015,152781
AUT,ALLSIZE,2016,151996
BEL,ALLSIZE,2008,468399
BEL,ALLSIZE,2009,369507
BEL,ALLSIZE,2010,407309
BEL,ALLSIZE,2011,475036
BEL,ALLSIZE,2012,437400
BEL,ALLSIZE,2013,459508
BEL,ALLSIZE,2014,461727
BEL,ALLSIZE,2015,396861
BEL,ALLSIZE,2016,398332
CAN,ALLSIZE,2008,384643.867
CAN,ALLSIZE,2009,257649
CAN,ALLSIZE,2010,349449
CAN,ALLSIZE,2011,404663
CAN,ALLSIZE,2012,407959
CAN,ALLSIZE,2013,411298
CAN,ALLSIZE,2014,424857
CAN,ALLSIZE,2015,363439
CAN,ALLSIZE,2016,342442
CAN,ALLSIZE,2017,372419
CZE,ALLSIZE,2008,146081
CZE,ALLSIZE,2009,114592
CZE,ALLSIZE,2010,135054
CZE,ALLSIZE,2011,159959
CZE,ALLSIZE,2012,162088
CZE,ALLSIZE,2013,162247
CZE,ALLSIZE,2014,174843
CZE,ALLSIZE,2015,157879
CZE,ALLSIZE,2016,162606
DNK,ALLSIZE,2008,116449
DNK,ALLSIZE,2009,93537.4
DNK,ALLSIZE,2010,97290.8
DNK,ALLSIZE,2011,111707
DNK,ALLSIZE,2012,105471
DNK,ALLSIZE,2013,111051
DNK,ALLSIZE,2014,111505
DNK,ALLSIZE,2015,95481
DNK,ALLSIZE,2016,102294
FIN,ALLSIZE,2008,96063.6
FIN,ALLSIZE,2009,62601.7
FIN,ALLSIZE,2010,69450.9
FIN,ALLSIZE,2011,79036.3
FIN,ALLSIZE,2012,73080.4
FIN,ALLSIZE,2013,74416.6
FIN,ALLSIZE,2014,74261.7
FIN,ALLSIZE,2015,59759.8
FIN,ALLSIZE,2016,57875.3
FRA,ALLSIZE,2008,604384
FRA,ALLSIZE,2009,473365
FRA,ALLSIZE,2010,514989
FRA,ALLSIZE,2011,586829
FRA,ALLSIZE,2012,570302
FRA,ALLSIZE,2013,582027
FRA,ALLSIZE,2014,581459
FRA,ALLSIZE,2015,507099
FRA,ALLSIZE,2016,502777
DEU,ALLSIZE,2008,1440300
DEU,ALLSIZE,2009,1115540
DEU,ALLSIZE,2010,1257710
DEU,ALLSIZE,2011,1472010
DEU,ALLSIZE,2012,1405160
DEU,ALLSIZE,2013,1451430
DEU,ALLSIZE,2014,1492620
DEU,ALLSIZE,2015,1326250
DEU,ALLSIZE,2016,1333450
GRC,ALLSIZE,2010,21709.6
GRC,ALLSIZE,2011,33776.3
GRC,ALLSIZE,2012,35434.1
GRC,ALLSIZE,2013,36241.7
GRC,ALLSIZE,2014,35981.7
GRC,ALLSIZE,2015,28642.2
GRC,ALLSIZE,2016,28166.7
HUN,ALLSIZE,2008,108193
HUN,ALLSIZE,2009,82667
HUN,ALLSIZE,2010,95385.1
HUN,ALLSIZE,2011,112220
HUN,ALLSIZE,2012,103550
HUN,ALLSIZE,2013,107489
HUN,ALLSIZE,2014,110460
HUN,ALLSIZE,2015,98476.7
HUN,ALLSIZE,2016,101826
IRL,ALLSIZE,2010,116964
IRL,ALLSIZE,2011,126238
IRL,ALLSIZE,2012,117339
IRL,ALLSIZE,2013,116753
IRL,ALLSIZE,2014,121021
IRL,ALLSIZE,2015,124667
IRL,ALLSIZE,2016,130781
ITA,ALLSIZE,2008,540544
ITA,ALLSIZE,2009,405273
ITA,ALLSIZE,2010,446790
ITA,ALLSIZE,2011,522070
ITA,ALLSIZE,2012,500864
ITA,ALLSIZE,2013,518131
ITA,ALLSIZE,2014,529198
ITA,ALLSIZE,2015,457262
ITA,ALLSIZE,2016,461565
KOR,ALLSIZE,2012,546432
KOR,ALLSIZE,2013,558334
KOR,ALLSIZE,2014,571510
KOR,ALLSIZE,2015,525580
LUX,ALLSIZE,2008,25567.1
LUX,ALLSIZE,2009,20529.1
LUX,ALLSIZE,2010,19939.3
LUX,ALLSIZE,2011,22345
LUX,ALLSIZE,2012,18777.7
LUX,ALLSIZE,2013,18367.4
LUX,ALLSIZE,2014,19107.4
LUX,ALLSIZE,2015,17104.8
LUX,ALLSIZE,2016,15780.5
NLD,ALLSIZE,2009,495866
NLD,ALLSIZE,2010,573663
NLD,ALLSIZE,2011,676219
NLD,ALLSIZE,2012,654024
NLD,ALLSIZE,2013,668283
NLD,ALLSIZE,2014,671870
NLD,ALLSIZE,2015,571130
NLD,ALLSIZE,2016,572903
NZL,ALLSIZE,2008,29068.609
NZL,ALLSIZE,2009,24275.775
NZL,ALLSIZE,2010,30276.63
NZL,ALLSIZE,2011,36252.006
NOR,ALLSIZE,2008,169867
NOR,ALLSIZE,2009,130371
NOR,ALLSIZE,2010,135289
NOR,ALLSIZE,2015,103509
POL,ALLSIZE,2008,169627
POL,ALLSIZE,2009,135942
POL,ALLSIZE,2010,159595
POL,ALLSIZE,2011,188587
POL,ALLSIZE,2012,185272
POL,ALLSIZE,2013,204935
POL,ALLSIZE,2014,219882
POL,ALLSIZE,2015,199022
POL,ALLSIZE,2016,203696
PRT,ALLSIZE,2008,57055.4
PRT,ALLSIZE,2009,44032.9
PRT,ALLSIZE,2010,48688.8
PRT,ALLSIZE,2011,59536.7
PRT,ALLSIZE,2012,58092.5
PRT,ALLSIZE,2013,62806
PRT,ALLSIZE,2014,63754.5
PRT,ALLSIZE,2015,55047.4
PRT,ALLSIZE,2016,55350.5
SVK,ALLSIZE,2008,70640.2
SVK,ALLSIZE,2009,55770.7
SVK,ALLSIZE,2010,64576.7
SVK,ALLSIZE,2011,79723.4
SVK,ALLSIZE,2012,80615.4
SVK,ALLSIZE,2013,85726.7
SVK,ALLSIZE,2014,86345.5
SVK,ALLSIZE,2015,75244.9
SVK,ALLSIZE,2016,77507.5
ESP,ALLSIZE,2008,277186
ESP,ALLSIZE,2009,222117
ESP,ALLSIZE,2010,250257
ESP,ALLSIZE,2011,299199
ESP,ALLSIZE,2012,294714
ESP,ALLSIZE,2013,313789
ESP,ALLSIZE,2014,323272
ESP,ALLSIZE,2015,282368
ESP,ALLSIZE,2016,289857
SWE,ALLSIZE,2008,182577
SWE,ALLSIZE,2009,130543
SWE,ALLSIZE,2010,158371
SWE,ALLSIZE,2011,186713
SWE,ALLSIZE,2012,172459
SWE,ALLSIZE,2013,167404
SWE,ALLSIZE,2014,164333
SWE,ALLSIZE,2015,139974
SWE,ALLSIZE,2016,139314
TUR,ALLSIZE,2008,132027
TUR,ALLSIZE,2009,101394
TUR,ALLSIZE,2010,113391
TUR,ALLSIZE,2011,134682
TUR,ALLSIZE,2012,152255
TUR,ALLSIZE,2013,151570
TUR,ALLSIZE,2014,156900
GBR,ALLSIZE,2008,458664
GBR,ALLSIZE,2009,351500
GBR,ALLSIZE,2010,405131
GBR,ALLSIZE,2011,525198
GBR,ALLSIZE,2012,472608
GBR,ALLSIZE,2013,540725
GBR,ALLSIZE,2014,504189
GBR,ALLSIZE,2015,459529
GBR,ALLSIZE,2016,408823
USA,ALLSIZE,2008,1150900
USA,ALLSIZE,2009,938794
USA,ALLSIZE,2010,1137630
USA,ALLSIZE,2011,1319940
USA,ALLSIZE,2012,1379680
USA,ALLSIZE,2013,1400950
USA,ALLSIZE,2014,1441910
BGR,ALLSIZE,2008,22271.3
BGR,ALLSIZE,2009,16252.8
BGR,ALLSIZE,2010,20609.9
BGR,ALLSIZE,2011,28170.5
BGR,ALLSIZE,2012,26687.2
BGR,ALLSIZE,2013,29571.2
BGR,ALLSIZE,2014,29246.1
BGR,ALLSIZE,2015,25372.8
BGR,ALLSIZE,2016,26571.7
CRI,ALLSIZE,2013,11602.9
HRV,ALLSIZE,2012,12364.1
HRV,ALLSIZE,2013,12718.3
HRV,ALLSIZE,2014,13840
HRV,ALLSIZE,2015,12932.2
HRV,ALLSIZE,2016,13811.2
CYP,ALLSIZE,2009,1252.29
CYP,ALLSIZE,2010,1400.81
CYP,ALLSIZE,2011,1815.57
CYP,ALLSIZE,2012,1739.77
CYP,ALLSIZE,2013,2018.73
CYP,ALLSIZE,2014,3149.14
CYP,ALLSIZE,2015,3283.68
CYP,ALLSIZE,2016,2965.1
EST,ALLSIZE,2008,12407.2
EST,ALLSIZE,2009,9014.96
EST,ALLSIZE,2010,11581.9
EST,ALLSIZE,2011,16700.9
EST,ALLSIZE,2012,16087.1
EST,ALLSIZE,2013,16325.3
EST,ALLSIZE,2014,16031.1
EST,ALLSIZE,2015,12832.5
EST,ALLSIZE,2016,13168.5
LVA,ALLSIZE,2008,10105.3
LVA,ALLSIZE,2009,7671.93
LVA,ALLSIZE,2010,9523.01
LVA,ALLSIZE,2011,13112.3
LVA,ALLSIZE,2012,14109.7
LVA,ALLSIZE,2013,14463.8
LVA,ALLSIZE,2014,14537.3
LVA,ALLSIZE,2015,12131.5
LVA,ALLSIZE,2016,12144.9
LTU,ALLSIZE,2008,23550.1
LTU,ALLSIZE,2009,16388
LTU,ALLSIZE,2010,20728.2
LTU,ALLSIZE,2011,28012.4
LTU,ALLSIZE,2012,29612.7
LTU,ALLSIZE,2013,32588.9
LTU,ALLSIZE,2014,32321
LTU,ALLSIZE,2015,25401.9
LTU,ALLSIZE,2016,25006.8
MLT,ALLSIZE,2009,2277.68
MLT,ALLSIZE,2010,3640
MLT,ALLSIZE,2011,4404.7
MLT,ALLSIZE,2012,4268.38
MLT,ALLSIZE,2013,3648.45
MLT,ALLSIZE,2014,2939.57
MLT,ALLSIZE,2015,2621.64
ROU,ALLSIZE,2008,49297.8
ROU,ALLSIZE,2009,40400.7
ROU,ALLSIZE,2010,49462.5
ROU,ALLSIZE,2011,62920.3
ROU,ALLSIZE,2012,57824
ROU,ALLSIZE,2013,65837.3
ROU,ALLSIZE,2014,69629.7
ROU,ALLSIZE,2015,60546.8
ROU,ALLSIZE,2016,63481.2
SVN,ALLSIZE,2008,33989.3
SVN,ALLSIZE,2009,26071.8
SVN,ALLSIZE,2010,29172
SVN,ALLSIZE,2011,34709
SVN,ALLSIZE,2012,32164.2
SVN,ALLSIZE,2013,34009.8
SVN,ALLSIZE,2014,35921.3
SVN,ALLSIZE,2015,31932.9
SVN,ALLSIZE,2016,32899.6
MEX,ALLSIZE,2007,199116
MEX,ALLSIZE,2008,213905
MEX,ALLSIZE,2009,170717
MEX,ALLSIZE,2010,219656
MEX,ALLSIZE,2011,244855
MEX,ALLSIZE,2012,265708
MEX,ALLSIZE,2013,281904
MEX,ALLSIZE,2014,306354
MEX,ALLSIZE,2015,313558
AUT,0_9_EMPLOYEE,2008,24863.1
AUT,0_9_EMPLOYEE,2009,18065.2
AUT,0_9_EMPLOYEE,2010,22400.9
AUT,0_9_EMPLOYEE,2011,24878.3
AUT,0_9_EMPLOYEE,2012,24970.6
AUT,0_9_EMPLOYEE,2013,26172.4
AUT,0_9_EMPLOYEE,2014,27751.8
AUT,0_9_EMPLOYEE,2015,22715.9
AUT,0_9_EMPLOYEE,2016,21692.9
AUT,10_49_EMPLOYEE,2008,20230.4
AUT,10_49_EMPLOYEE,2009,13826.5
AUT,10_49_EMPLOYEE,2010,15144.8
AUT,10_49_EMPLOYEE,2011,19356.9
AUT,10_49_EMPLOYEE,2012,17311.9
AUT,10_49_EMPLOYEE,2013,18468.7
AUT,10_49_EMPLOYEE,2014,18952.7
AUT,10_49_EMPLOYEE,2015,16824.3
AUT,10_49_EMPLOYEE,2016,17252.2
AUT,250MORE_EMPLOYEE,2008,88595
AUT,250MORE_EMPLOYEE,2009,69127.5
AUT,250MORE_EMPLOYEE,2010,77249.1
AUT,250MORE_EMPLOYEE,2011,88783.4
AUT,250MORE_EMPLOYEE,2012,81347.2
AUT,250MORE_EMPLOYEE,2013,84403.6
AUT,250MORE_EMPLOYEE,2014,86135.6
AUT,250MORE_EMPLOYEE,2015,75439
AUT,250MORE_EMPLOYEE,2016,76822
AUT,50_249_EMPLOYEE,2008,37064.9
AUT,50_249_EMPLOYEE,2009,27703.3
AUT,50_249_EMPLOYEE,2010,32919.5
AUT,50_249_EMPLOYEE,2011,39020.3
AUT,50_249_EMPLOYEE,2012,38095.8
AUT,50_249_EMPLOYEE,2013,40021.5
AUT,50_249_EMPLOYEE,2014,39213.4
AUT,50_249_EMPLOYEE,2015,33109.1
AUT,50_249_EMPLOYEE,2016,32608.6
BEL,0_9_EMPLOYEE,2008,21838.2
BEL,0_9_EMPLOYEE,2009,17252.3
BEL,0_9_EMPLOYEE,2010,18830.4
BEL,0_9_EMPLOYEE,2011,20597.9
BEL,0_9_EMPLOYEE,2012,19677.3
BEL,0_9_EMPLOYEE,2013,20457.5
BEL,0_9_EMPLOYEE,2014,20815
BEL,0_9_EMPLOYEE,2015,169762
BEL,0_9_EMPLOYEE,2016,172423
BEL,10_49_EMPLOYEE,2008,44085.5
BEL,10_49_EMPLOYEE,2009,36541.9
BEL,10_49_EMPLOYEE,2010,38084.6
BEL,10_49_EMPLOYEE,2011,42974.1
BEL,10_49_EMPLOYEE,2012,41838.6
BEL,10_49_EMPLOYEE,2013,44567.7
BEL,10_49_EMPLOYEE,2014,45068.5
BEL,10_49_EMPLOYEE,2015,36849.7
BEL,10_49_EMPLOYEE,2016,31677.6
BEL,250MORE_EMPLOYEE,2008,150637
BEL,250MORE_EMPLOYEE,2009,110788
BEL,250MORE_EMPLOYEE,2010,123696
BEL,250MORE_EMPLOYEE,2011,144787
BEL,250MORE_EMPLOYEE,2012,138438
BEL,250MORE_EMPLOYEE,2013,144588
BEL,250MORE_EMPLOYEE,2014,142225
BEL,250MORE_EMPLOYEE,2015,115820
BEL,250MORE_EMPLOYEE,2016,110714
BEL,50_249_EMPLOYEE,2008,70550
BEL,50_249_EMPLOYEE,2009,55627.8
BEL,50_249_EMPLOYEE,2010,67399.6
BEL,50_249_EMPLOYEE,2011,75943
BEL,50_249_EMPLOYEE,2012,73641.7
BEL,50_249_EMPLOYEE,2013,75321.1
BEL,50_249_EMPLOYEE,2014,77765.5
BEL,50_249_EMPLOYEE,2015,64773.1
BEL,50_249_EMPLOYEE,2016,69597.6
CAN,0_9_EMPLOYEE,2008,91335.809
CAN,0_9_EMPLOYEE,2009,19905
CAN,0_9_EMPLOYEE,2010,26578.7
CAN,0_9_EMPLOYEE,2011,38018.7
CAN,0_9_EMPLOYEE,2012,26721.6
CAN,0_9_EMPLOYEE,2013,25909
CAN,0_9_EMPLOYEE,2014,31373.5
CAN,0_9_EMPLOYEE,2015,24634.7
CAN,0_9_EMPLOYEE,2016,19636.8
CAN,0_9_EMPLOYEE,2017,25058.8
CAN,10_49_EMPLOYEE,2008,28369.199
CAN,10_49_EMPLOYEE,2009,19334.2
CAN,10_49_EMPLOYEE,2010,28539
CAN,10_49_EMPLOYEE,2011,35180
CAN,10_49_EMPLOYEE,2012,36952.6
CAN,10_49_EMPLOYEE,2013,33855.9
CAN,10_49_EMPLOYEE,2014,33602.6
CAN,10_49_EMPLOYEE,2015,26937.1
CAN,10_49_EMPLOYEE,2016,32457.3
CAN,10_49_EMPLOYEE,2017,33597
CAN,250MORE_EMPLOYEE,2008,228038.098
CAN,250MORE_EMPLOYEE,2009,147705
CAN,250MORE_EMPLOYEE,2010,241492
CAN,250MORE_EMPLOYEE,2011,265349
CAN,250MORE_EMPLOYEE,2012,275436
CAN,250MORE_EMPLOYEE,2013,283985
CAN,250MORE_EMPLOYEE,2014,293754
CAN,250MORE_EMPLOYEE,2015,251057
CAN,250MORE_EMPLOYEE,2016,233410
CAN,250MORE_EMPLOYEE,2017,252812
CAN,50_249_EMPLOYEE,2008,36900.76
CAN,50_249_EMPLOYEE,2009,33999.7
CAN,50_249_EMPLOYEE,2010,52839.2
CAN,50_249_EMPLOYEE,2011,66114.5
CAN,50_249_EMPLOYEE,2012,68848.9
CAN,50_249_EMPLOYEE,2013,67548.4
CAN,50_249_EMPLOYEE,2014,66126.5
CAN,50_249_EMPLOYEE,2015,60809.9
CAN,50_249_EMPLOYEE,2016,56937.1
CAN,50_249_EMPLOYEE,2017,60951
CZE,0_9_EMPLOYEE,2008,5413.24
CZE,0_9_EMPLOYEE,2009,4110.06
CZE,0_9_EMPLOYEE,2010,4204.63
CZE,0_9_EMPLOYEE,2011,4460.22
CZE,0_9_EMPLOYEE,2012,5618.31
CZE,0_9_EMPLOYEE,2013,5724.79
CZE,0_9_EMPLOYEE,2014,5710.79
CZE,0_9_EMPLOYEE,2015,5233.93
CZE,0_9_EMPLOYEE,2016,5150.28
CZE,10_49_EMPLOYEE,2008,9649.55
CZE,10_49_EMPLOYEE,2009,7198.23
CZE,10_49_EMPLOYEE,2010,7901.68
CZE,10_49_EMPLOYEE,2011,9343.9
CZE,10_49_EMPLOYEE,2012,10783.3
CZE,10_49_EMPLOYEE,2013,10496
CZE,10_49_EMPLOYEE,2014,10713.5
CZE,10_49_EMPLOYEE,2015,9631.82
CZE,10_49_EMPLOYEE,2016,8828.62
CZE,250MORE_EMPLOYEE,2008,75376.1
CZE,250MORE_EMPLOYEE,2009,53835.4
CZE,250MORE_EMPLOYEE,2010,62633.5
CZE,250MORE_EMPLOYEE,2011,74819.7
CZE,250MORE_EMPLOYEE,2012,69436.6
CZE,250MORE_EMPLOYEE,2013,71391
CZE,250MORE_EMPLOYEE,2014,76762.1
CZE,250MORE_EMPLOYEE,2015,68951.6
CZE,250MORE_EMPLOYEE,2016,72498.6
CZE,50_249_EMPLOYEE,2008,23451.9
CZE,50_249_EMPLOYEE,2009,17772.2
CZE,50_249_EMPLOYEE,2010,19420.2
CZE,50_249_EMPLOYEE,2011,23443.1
CZE,50_249_EMPLOYEE,2012,23266.9
CZE,50_249_EMPLOYEE,2013,24692.9
CZE,50_249_EMPLOYEE,2014,25355.6
CZE,50_249_EMPLOYEE,2015,21465.2
CZE,50_249_EMPLOYEE,2016,21686.9
DNK,0_9_EMPLOYEE,2008,20423.6
DNK,0_9_EMPLOYEE,2009,15802.3
DNK,0_9_EMPLOYEE,2010,16277.2
DNK,0_9_EMPLOYEE,2011,19526.2
DNK,0_9_EMPLOYEE,2012,5982.81
DNK,0_9_EMPLOYEE,2013,7057
DNK,0_9_EMPLOYEE,2014,6727.13
DNK,0_9_EMPLOYEE,2015,5685.08
DNK,0_9_EMPLOYEE,2016,5745.75
DNK,10_49_EMPLOYEE,2008,11602
DNK,10_49_EMPLOYEE,2009,10076.5
DNK,10_49_EMPLOYEE,2010,11660.6
DNK,10_49_EMPLOYEE,2011,12281.6
DNK,10_49_EMPLOYEE,2012,13925.1
DNK,10_49_EMPLOYEE,2013,14154
DNK,10_49_EMPLOYEE,2014,13683.9
DNK,10_49_EMPLOYEE,2015,12760.5
DNK,10_49_EMPLOYEE,2016,14701.1
DNK,250MORE_EMPLOYEE,2008,59575.5
DNK,250MORE_EMPLOYEE,2009,48499.9
DNK,250MORE_EMPLOYEE,2010,49636.4
DNK,250MORE_EMPLOYEE,2011,57169.8
DNK,250MORE_EMPLOYEE,2012,48301
DNK,250MORE_EMPLOYEE,2013,50723.6
DNK,250MORE_EMPLOYEE,2014,50828
DNK,250MORE_EMPLOYEE,2015,42345.7
DNK,250MORE_EMPLOYEE,2016,46167.1
DNK,50_249_EMPLOYEE,2008,17327.9
DNK,50_249_EMPLOYEE,2009,13633.7
DNK,50_249_EMPLOYEE,2010,14590.3
DNK,50_249_EMPLOYEE,2011,16572
DNK,50_249_EMPLOYEE,2012,21976.6
DNK,50_249_EMPLOYEE,2013,22593.2
DNK,50_249_EMPLOYEE,2014,23899.8
DNK,50_249_EMPLOYEE,2015,21719.2
DNK,50_249_EMPLOYEE,2016,24078.5
FIN,0_9_EMPLOYEE,2008,7264.59
FIN,0_9_EMPLOYEE,2009,4560.65
FIN,0_9_EMPLOYEE,2010,2377.77
FIN,0_9_EMPLOYEE,2011,2314.51
FIN,0_9_EMPLOYEE,2012,2193.4
FIN,0_9_EMPLOYEE,2013,2373.35
FIN,0_9_EMPLOYEE,2014,1788.09
FIN,0_9_EMPLOYEE,2015,2279.3
FIN,0_9_EMPLOYEE,2016,2099.63
FIN,10_49_EMPLOYEE,2008,5221.58
FIN,10_49_EMPLOYEE,2009,3555.43
FIN,10_49_EMPLOYEE,2010,4587.43
FIN,10_49_EMPLOYEE,2011,6136.91
FIN,10_49_EMPLOYEE,2012,5257.34
FIN,10_49_EMPLOYEE,2013,5315.75
FIN,10_49_EMPLOYEE,2014,5581.27
FIN,10_49_EMPLOYEE,2015,5201.3
FIN,10_49_EMPLOYEE,2016,5193.34
FIN,250MORE_EMPLOYEE,2008,68957.8
FIN,250MORE_EMPLOYEE,2009,44178.6
FIN,250MORE_EMPLOYEE,2010,47005.8
FIN,250MORE_EMPLOYEE,2011,53586.6
FIN,250MORE_EMPLOYEE,2012,47030.8
FIN,250MORE_EMPLOYEE,2013,48098.4
FIN,250MORE_EMPLOYEE,2014,46371.4
FIN,250MORE_EMPLOYEE,2015,36445.4
FIN,250MORE_EMPLOYEE,2016,34194.8
FIN,50_249_EMPLOYEE,2008,13061.4
FIN,50_249_EMPLOYEE,2009,8546.99
FIN,50_249_EMPLOYEE,2010,11358.8
FIN,50_249_EMPLOYEE,2011,11586.3
FIN,50_249_EMPLOYEE,2012,13068
FIN,50_249_EMPLOYEE,2013,14309.6
FIN,50_249_EMPLOYEE,2014,16091.9
FIN,50_249_EMPLOYEE,2015,13439.3
FIN,50_249_EMPLOYEE,2016,13958
FRA,0_9_EMPLOYEE,2008,90944.6
FRA,0_9_EMPLOYEE,2009,71163.5
FRA,0_9_EMPLOYEE,2010,74963.4
FRA,0_9_EMPLOYEE,2011,83829.6
FRA,0_9_EMPLOYEE,2012,21745.1
FRA,0_9_EMPLOYEE,2013,22271.6
FRA,0_9_EMPLOYEE,2014,18867.2
FRA,0_9_EMPLOYEE,2015,16511.5
FRA,0_9_EMPLOYEE,2016,17576.6
FRA,10_49_EMPLOYEE,2008,68538.3
FRA,10_49_EMPLOYEE,2009,58142.6
FRA,10_49_EMPLOYEE,2010,49436.5
FRA,10_49_EMPLOYEE,2011,57495.6
FRA,10_49_EMPLOYEE,2012,26561
FRA,10_49_EMPLOYEE,2013,28903.4
FRA,10_49_EMPLOYEE,2014,28406.7
FRA,10_49_EMPLOYEE,2015,24526.1
FRA,10_49_EMPLOYEE,2016,24746.7
FRA,250MORE_EMPLOYEE,2008,345934
FRA,250MORE_EMPLOYEE,2009,267815
FRA,250MORE_EMPLOYEE,2010,290384
FRA,250MORE_EMPLOYEE,2011,335233
FRA,250MORE_EMPLOYEE,2012,395140
FRA,250MORE_EMPLOYEE,2013,394544
FRA,250MORE_EMPLOYEE,2014,395595
FRA,250MORE_EMPLOYEE,2015,345304
FRA,250MORE_EMPLOYEE,2016,342172
FRA,50_249_EMPLOYEE,2008,89704.7
FRA,50_249_EMPLOYEE,2009,67123.8
FRA,50_249_EMPLOYEE,2010,72926.5
FRA,50_249_EMPLOYEE,2011,81865.7
FRA,50_249_EMPLOYEE,2012,47963.3
FRA,50_249_EMPLOYEE,2013,50869.7
FRA,50_249_EMPLOYEE,2014,51838.6
FRA,50_249_EMPLOYEE,2015,44594.8
FRA,50_249_EMPLOYEE,2016,48475
DEU,0_9_EMPLOYEE,2009,65944
DEU,0_9_EMPLOYEE,2010,79701.9
DEU,0_9_EMPLOYEE,2011,99322.3
DEU,0_9_EMPLOYEE,2012,53850.9
DEU,0_9_EMPLOYEE,2013,52855.1
DEU,0_9_EMPLOYEE,2014,44574.9
DEU,0_9_EMPLOYEE,2015,37957.7
DEU,0_9_EMPLOYEE,2016,55482.5
DEU,10_49_EMPLOYEE,2009,93620.7
DEU,10_49_EMPLOYEE,2010,121589
DEU,10_49_EMPLOYEE,2011,123976
DEU,10_49_EMPLOYEE,2012,84561.4
DEU,10_49_EMPLOYEE,2013,84067.8
DEU,10_49_EMPLOYEE,2014,79569.3
DEU,10_49_EMPLOYEE,2015,69153.7
DEU,10_49_EMPLOYEE,2016,68809.5
DEU,250MORE_EMPLOYEE,2009,518791
DEU,250MORE_EMPLOYEE,2010,639616
DEU,250MORE_EMPLOYEE,2011,756648
DEU,250MORE_EMPLOYEE,2012,909003
DEU,250MORE_EMPLOYEE,2013,919485
DEU,250MORE_EMPLOYEE,2014,997933
DEU,250MORE_EMPLOYEE,2015,891307
DEU,250MORE_EMPLOYEE,2016,833901
DEU,50_249_EMPLOYEE,2009,134527
DEU,50_249_EMPLOYEE,2010,167791
DEU,50_249_EMPLOYEE,2011,210667
DEU,50_249_EMPLOYEE,2012,165110
DEU,50_249_EMPLOYEE,2013,171013
DEU,50_249_EMPLOYEE,2014,169304
DEU,50_249_EMPLOYEE,2015,148444
DEU,50_249_EMPLOYEE,2016,151781
GRC,0_9_EMPLOYEE,2010,2865.13
GRC,0_9_EMPLOYEE,2011,3081.67
GRC,0_9_EMPLOYEE,2012,3230.59
GRC,0_9_EMPLOYEE,2013,3803.77
GRC,0_9_EMPLOYEE,2014,3600.82
GRC,0_9_EMPLOYEE,2015,3790.98
GRC,0_9_EMPLOYEE,2016,4225.9
GRC,10_49_EMPLOYEE,2010,4456.28
GRC,10_49_EMPLOYEE,2011,4985.94
GRC,10_49_EMPLOYEE,2012,4457.62
GRC,10_49_EMPLOYEE,2013,4349.93
GRC,10_49_EMPLOYEE,2014,4607.4
GRC,10_49_EMPLOYEE,2015,4078.96
GRC,10_49_EMPLOYEE,2016,4099.89
GRC,250MORE_EMPLOYEE,2010,8268.15
GRC,250MORE_EMPLOYEE,2011,16233.4
GRC,250MORE_EMPLOYEE,2012,18585.1
GRC,250MORE_EMPLOYEE,2013,19701.9
GRC,250MORE_EMPLOYEE,2014,19336.6
GRC,250MORE_EMPLOYEE,2015,14019.4
GRC,250MORE_EMPLOYEE,2016,12517.5
GRC,50_249_EMPLOYEE,2010,5338.85
GRC,50_249_EMPLOYEE,2011,7215.4
GRC,50_249_EMPLOYEE,2012,6464.97
GRC,50_249_EMPLOYEE,2013,6953.22
GRC,50_249_EMPLOYEE,2014,7403.29
GRC,50_249_EMPLOYEE,2015,6077.23
GRC,50_249_EMPLOYEE,2016,6780.61
HUN,0_9_EMPLOYEE,2008,5789.5
HUN,0_9_EMPLOYEE,2009,4518.95
HUN,0_9_EMPLOYEE,2010,4923.24
HUN,0_9_EMPLOYEE,2011,5850.76
HUN,0_9_EMPLOYEE,2012,5336.79
HUN,0_9_EMPLOYEE,2013,27172.2
HUN,0_9_EMPLOYEE,2014,27740.5
HUN,0_9_EMPLOYEE,2015,25818
HUN,0_9_EMPLOYEE,2016,27574.2
HUN,10_49_EMPLOYEE,2008,6056.37
HUN,10_49_EMPLOYEE,2009,5283.53
HUN,10_49_EMPLOYEE,2010,5932.72
HUN,10_49_EMPLOYEE,2011,7204.45
HUN,10_49_EMPLOYEE,2012,6908.67
HUN,10_49_EMPLOYEE,2013,6174.51
HUN,10_49_EMPLOYEE,2014,6565.92
HUN,10_49_EMPLOYEE,2015,5378.72
HUN,10_49_EMPLOYEE,2016,5969.36
HUN,250MORE_EMPLOYEE,2008,64271.4
HUN,250MORE_EMPLOYEE,2009,46651.4
HUN,250MORE_EMPLOYEE,2010,53315.9
HUN,250MORE_EMPLOYEE,2011,60045
HUN,250MORE_EMPLOYEE,2012,54418.6
HUN,250MORE_EMPLOYEE,2013,55912.2
HUN,250MORE_EMPLOYEE,2014,58571.9
HUN,250MORE_EMPLOYEE,2015,51410.5
HUN,250MORE_EMPLOYEE,2016,51870.1
HUN,50_249_EMPLOYEE,2008,15162
HUN,50_249_EMPLOYEE,2009,11560
HUN,50_249_EMPLOYEE,2010,12330.4
HUN,50_249_EMPLOYEE,2011,14867.7
HUN,50_249_EMPLOYEE,2012,14795.5
HUN,50_249_EMPLOYEE,2013,16096
HUN,50_249_EMPLOYEE,2014,15673.2
HUN,50_249_EMPLOYEE,2015,14168.1
HUN,50_249_EMPLOYEE,2016,14707.2
IRL,0_9_EMPLOYEE,2010,8635.25
IRL,0_9_EMPLOYEE,2011,29839.1
IRL,0_9_EMPLOYEE,2012,31843.4
IRL,0_9_EMPLOYEE,2013,8335.09
IRL,0_9_EMPLOYEE,2014,8946.64
IRL,0_9_EMPLOYEE,2015,11478.8
IRL,0_9_EMPLOYEE,2016,8096.93
IRL,10_49_EMPLOYEE,2010,6370.45
IRL,10_49_EMPLOYEE,2011,5332.52
IRL,10_49_EMPLOYEE,2012,6227.15
IRL,10_49_EMPLOYEE,2013,9048.96
IRL,10_49_EMPLOYEE,2014,8555.57
IRL,10_49_EMPLOYEE,2015,10692.4
IRL,10_49_EMPLOYEE,2016,8304.56
IRL,250MORE_EMPLOYEE,2010,26056
IRL,250MORE_EMPLOYEE,2011,50916.3
IRL,250MORE_EMPLOYEE,2012,45411.7
IRL,250MORE_EMPLOYEE,2013,76800.7
IRL,250MORE_EMPLOYEE,2014,79222.7
IRL,250MORE_EMPLOYEE,2015,80473
IRL,250MORE_EMPLOYEE,2016,87521.7
IRL,50_249_EMPLOYEE,2010,53980.3
IRL,50_249_EMPLOYEE,2011,30349.5
IRL,50_249_EMPLOYEE,2012,28581
IRL,50_249_EMPLOYEE,2013,20682.1
IRL,50_249_EMPLOYEE,2014,22238.1
IRL,50_249_EMPLOYEE,2015,19778.5
IRL,50_249_EMPLOYEE,2016,24362.5
ITA,0_9_EMPLOYEE,2008,49007.6
ITA,0_9_EMPLOYEE,2009,27500.1
ITA,0_9_EMPLOYEE,2010,30363.7
ITA,0_9_EMPLOYEE,2011,34629.9
ITA,0_9_EMPLOYEE,2012,28572.6
ITA,0_9_EMPLOYEE,2013,29904.1
ITA,0_9_EMPLOYEE,2014,31349.3
ITA,0_9_EMPLOYEE,2015,26294.4
ITA,0_9_EMPLOYEE,2016,25589
ITA,10_49_EMPLOYEE,2008,92851.6
ITA,10_49_EMPLOYEE,2009,70604.6
ITA,10_49_EMPLOYEE,2010,79438.2
ITA,10_49_EMPLOYEE,2011,91833.1
ITA,10_49_EMPLOYEE,2012,90973.1
ITA,10_49_EMPLOYEE,2013,92552.1
ITA,10_49_EMPLOYEE,2014,91611.6
ITA,10_49_EMPLOYEE,2015,78522.7
ITA,10_49_EMPLOYEE,2016,78764.5
ITA,250MORE_EMPLOYEE,2008,231116
ITA,250MORE_EMPLOYEE,2009,176241
ITA,250MORE_EMPLOYEE,2010,194609
ITA,250MORE_EMPLOYEE,2011,228892
ITA,250MORE_EMPLOYEE,2012,219320
ITA,250MORE_EMPLOYEE,2013,226873
ITA,250MORE_EMPLOYEE,2014,228281
ITA,250MORE_EMPLOYEE,2015,200542
ITA,250MORE_EMPLOYEE,2016,203738
ITA,50_249_EMPLOYEE,2008,148325
ITA,50_249_EMPLOYEE,2009,113007
ITA,50_249_EMPLOYEE,2010,120723
ITA,50_249_EMPLOYEE,2011,143384
ITA,50_249_EMPLOYEE,2012,135462
ITA,50_249_EMPLOYEE,2013,142656
ITA,50_249_EMPLOYEE,2014,150998
ITA,50_249_EMPLOYEE,2015,128102
ITA,50_249_EMPLOYEE,2016,129246
KOR,0_9_EMPLOYEE,2012,31264.9
KOR,0_9_EMPLOYEE,2013,27337.3
KOR,0_9_EMPLOYEE,2014,27818.9
KOR,0_9_EMPLOYEE,2015,25330.1
KOR,10_49_EMPLOYEE,2012,31005.5
KOR,10_49_EMPLOYEE,2013,31127.3
KOR,10_49_EMPLOYEE,2014,32254
KOR,10_49_EMPLOYEE,2015,28984.9
KOR,250MORE_EMPLOYEE,2012,431913
KOR,250MORE_EMPLOYEE,2013,447003
KOR,250MORE_EMPLOYEE,2014,452549
KOR,250MORE_EMPLOYEE,2015,417795
KOR,50_249_EMPLOYEE,2012,52248.4
KOR,50_249_EMPLOYEE,2013,52866.2
KOR,50_249_EMPLOYEE,2014,58888.9
KOR,50_249_EMPLOYEE,2015,53469.3
LUX,0_9_EMPLOYEE,2008,1344.53
LUX,0_9_EMPLOYEE,2009,1188.71
LUX,0_9_EMPLOYEE,2010,1113.81
LUX,0_9_EMPLOYEE,2011,1216.03
LUX,0_9_EMPLOYEE,2012,962.122
LUX,0_9_EMPLOYEE,2013,949.737
LUX,0_9_EMPLOYEE,2014,1063.18
LUX,0_9_EMPLOYEE,2015,872.216
LUX,0_9_EMPLOYEE,2016,909.75
LUX,10_49_EMPLOYEE,2008,1878.82
LUX,10_49_EMPLOYEE,2009,1624.65
LUX,10_49_EMPLOYEE,2010,1568.7
LUX,10_49_EMPLOYEE,2011,1962.34
LUX,10_49_EMPLOYEE,2012,1276.71
LUX,10_49_EMPLOYEE,2013,2749.77
LUX,10_49_EMPLOYEE,2014,2749.61
LUX,10_49_EMPLOYEE,2015,2151.53
LUX,10_49_EMPLOYEE,2016,2160.22
LUX,250MORE_EMPLOYEE,2008,9009.16
LUX,250MORE_EMPLOYEE,2009,6274.8
LUX,250MORE_EMPLOYEE,2010,6811.22
LUX,250MORE_EMPLOYEE,2011,6542.88
LUX,250MORE_EMPLOYEE,2012,4757.54
LUX,250MORE_EMPLOYEE,2013,4613.9
LUX,250MORE_EMPLOYEE,2014,4701.09
LUX,250MORE_EMPLOYEE,2015,4646.55
LUX,250MORE_EMPLOYEE,2016,4341.6
LUX,50_249_EMPLOYEE,2008,2854.18
LUX,50_249_EMPLOYEE,2009,1901.14
LUX,50_249_EMPLOYEE,2010,2556.83
LUX,50_249_EMPLOYEE,2011,2720.03
LUX,50_249_EMPLOYEE,2012,2906.03
LUX,50_249_EMPLOYEE,2013,3142.51
LUX,50_249_EMPLOYEE,2014,3532.28
LUX,50_249_EMPLOYEE,2015,3009.06
LUX,50_249_EMPLOYEE,2016,3572.15
MEX,0_9_EMPLOYEE,2007,502.303
MEX,0_9_EMPLOYEE,2008,322.253
MEX,0_9_EMPLOYEE,2009,232.76
MEX,0_9_EMPLOYEE,2010,344.367
MEX,0_9_EMPLOYEE,2011,437.801
MEX,0_9_EMPLOYEE,2012,322.308
MEX,0_9_EMPLOYEE,2013,201.027
MEX,0_9_EMPLOYEE,2014,321.078
MEX,0_9_EMPLOYEE,2015,269.859
MEX,10_49_EMPLOYEE,2007,1152.95
MEX,10_49_EMPLOYEE,2008,1360.95
MEX,10_49_EMPLOYEE,2009,1438.71
MEX,10_49_EMPLOYEE,2010,1406.72
MEX,10_49_EMPLOYEE,2011,1221.56
MEX,10_49_EMPLOYEE,2012,1331.29
MEX,10_49_EMPLOYEE,2013,1327.52
MEX,10_49_EMPLOYEE,2014,1480.68
MEX,10_49_EMPLOYEE,2015,1220.67
MEX,250MORE_EMPLOYEE,2007,183905
MEX,250MORE_EMPLOYEE,2008,197517
MEX,250MORE_EMPLOYEE,2009,155275
MEX,250MORE_EMPLOYEE,2010,203060
MEX,250MORE_EMPLOYEE,2011,226798
MEX,250MORE_EMPLOYEE,2012,247812
MEX,250MORE_EMPLOYEE,2013,263885
MEX,250MORE_EMPLOYEE,2014,288203
MEX,250MORE_EMPLOYEE,2015,297319
MEX,50_249_EMPLOYEE,2007,13555.6
MEX,50_249_EMPLOYEE,2008,14704.3
MEX,50_249_EMPLOYEE,2009,13770.7
MEX,50_249_EMPLOYEE,2010,14845.1
MEX,50_249_EMPLOYEE,2011,16397.2
MEX,50_249_EMPLOYEE,2012,16242.3
MEX,50_249_EMPLOYEE,2013,16490.6
MEX,50_249_EMPLOYEE,2014,16349.3
MEX,50_249_EMPLOYEE,2015,14748.5
NLD,0_9_EMPLOYEE,2009,53712.1
NLD,0_9_EMPLOYEE,2010,76261.3
NLD,0_9_EMPLOYEE,2011,73716.5
NLD,0_9_EMPLOYEE,2012,63068.8
NLD,0_9_EMPLOYEE,2013,57786.8
NLD,0_9_EMPLOYEE,2014,55465
NLD,0_9_EMPLOYEE,2015,40706.2
NLD,0_9_EMPLOYEE,2016,41025.3
NLD,10_49_EMPLOYEE,2009,61144.4
NLD,10_49_EMPLOYEE,2010,66952.6
NLD,10_49_EMPLOYEE,2011,76043.5
NLD,10_49_EMPLOYEE,2012,69192.9
NLD,10_49_EMPLOYEE,2013,71099.5
NLD,10_49_EMPLOYEE,2014,80288.8
NLD,10_49_EMPLOYEE,2015,66627
NLD,10_49_EMPLOYEE,2016,65499.7
NLD,250MORE_EMPLOYEE,2009,132196
NLD,250MORE_EMPLOYEE,2010,135634
NLD,250MORE_EMPLOYEE,2011,163701
NLD,250MORE_EMPLOYEE,2012,155165
NLD,250MORE_EMPLOYEE,2013,163275
NLD,250MORE_EMPLOYEE,2014,168898
NLD,250MORE_EMPLOYEE,2015,137261
NLD,250MORE_EMPLOYEE,2016,127651
NLD,50_249_EMPLOYEE,2009,115856
NLD,50_249_EMPLOYEE,2010,127249
NLD,50_249_EMPLOYEE,2011,144273
NLD,50_249_EMPLOYEE,2012,150364
NLD,50_249_EMPLOYEE,2013,159488
NLD,50_249_EMPLOYEE,2014,147367
NLD,50_249_EMPLOYEE,2015,130756
NLD,50_249_EMPLOYEE,2016,145280
NOR,0_9_EMPLOYEE,2008,9972.32
NOR,0_9_EMPLOYEE,2009,9217.75
NOR,0_9_EMPLOYEE,2010,11581.7
NOR,0_9_EMPLOYEE,2015,11301.9
NOR,10_49_EMPLOYEE,2008,7190.23
NOR,10_49_EMPLOYEE,2009,6462.43
NOR,10_49_EMPLOYEE,2010,7003.28
NOR,10_49_EMPLOYEE,2015,7091.08
NOR,250MORE_EMPLOYEE,2008,80052.5
NOR,250MORE_EMPLOYEE,2009,53692.7
NOR,250MORE_EMPLOYEE,2010,61119.5
NOR,250MORE_EMPLOYEE,2015,40811.5
NOR,50_249_EMPLOYEE,2008,19791.2
NOR,50_249_EMPLOYEE,2009,12988.5
NOR,50_249_EMPLOYEE,2010,13638.4
NOR,50_249_EMPLOYEE,2015,11908.1
POL,0_9_EMPLOYEE,2008,8273.67
POL,0_9_EMPLOYEE,2009,6415.31
POL,0_9_EMPLOYEE,2010,7600.6
POL,0_9_EMPLOYEE,2011,8050.15
POL,0_9_EMPLOYEE,2012,9297.61
POL,0_9_EMPLOYEE,2013,10264.8
POL,0_9_EMPLOYEE,2014,10930.2
POL,0_9_EMPLOYEE,2015,10095.6
POL,0_9_EMPLOYEE,2016,10148.2
POL,10_49_EMPLOYEE,2008,11992.1
POL,10_49_EMPLOYEE,2009,10144.9
POL,10_49_EMPLOYEE,2010,12515
POL,10_49_EMPLOYEE,2011,13957.8
POL,10_49_EMPLOYEE,2012,14746.8
POL,10_49_EMPLOYEE,2013,17015.7
POL,10_49_EMPLOYEE,2014,17520.8
POL,10_49_EMPLOYEE,2015,14860
POL,10_49_EMPLOYEE,2016,14197.9
POL,250MORE_EMPLOYEE,2008,102476
POL,250MORE_EMPLOYEE,2009,78913.7
POL,250MORE_EMPLOYEE,2010,91077.2
POL,250MORE_EMPLOYEE,2011,110292
POL,250MORE_EMPLOYEE,2012,103944
POL,250MORE_EMPLOYEE,2013,113407
POL,250MORE_EMPLOYEE,2014,118639
POL,250MORE_EMPLOYEE,2015,105818
POL,250MORE_EMPLOYEE,2016,106813
POL,50_249_EMPLOYEE,2008,30204.7
POL,50_249_EMPLOYEE,2009,22571.7
POL,50_249_EMPLOYEE,2010,25748.9
POL,50_249_EMPLOYEE,2011,31851.3
POL,50_249_EMPLOYEE,2012,31566
POL,50_249_EMPLOYEE,2013,34969.3
POL,50_249_EMPLOYEE,2014,35774.6
POL,50_249_EMPLOYEE,2015,30708.8
POL,50_249_EMPLOYEE,2016,31443.3
PRT,0_9_EMPLOYEE,2008,4384.74
PRT,0_9_EMPLOYEE,2009,4118.27
PRT,0_9_EMPLOYEE,2010,3747.39
PRT,0_9_EMPLOYEE,2011,4903.08
PRT,0_9_EMPLOYEE,2012,5482.42
PRT,0_9_EMPLOYEE,2013,6522.3
PRT,0_9_EMPLOYEE,2014,6267.79
PRT,0_9_EMPLOYEE,2015,5085.38
PRT,0_9_EMPLOYEE,2016,5233.42
PRT,10_49_EMPLOYEE,2008,7266.99
PRT,10_49_EMPLOYEE,2009,6399.77
PRT,10_49_EMPLOYEE,2010,6047.61
PRT,10_49_EMPLOYEE,2011,9237.85
PRT,10_49_EMPLOYEE,2012,9967.84
PRT,10_49_EMPLOYEE,2013,10084.9
PRT,10_49_EMPLOYEE,2014,10613.6
PRT,10_49_EMPLOYEE,2015,8910.72
PRT,10_49_EMPLOYEE,2016,7412.26
PRT,250MORE_EMPLOYEE,2008,25876.7
PRT,250MORE_EMPLOYEE,2009,18324.6
PRT,250MORE_EMPLOYEE,2010,21020
PRT,250MORE_EMPLOYEE,2011,25451.2
PRT,250MORE_EMPLOYEE,2012,23591
PRT,250MORE_EMPLOYEE,2013,26175
PRT,250MORE_EMPLOYEE,2014,25385.7
PRT,250MORE_EMPLOYEE,2015,22459.4
PRT,250MORE_EMPLOYEE,2016,21676.1
PRT,50_249_EMPLOYEE,2008,14891.3
PRT,50_249_EMPLOYEE,2009,11714.1
PRT,50_249_EMPLOYEE,2010,12427.6
PRT,50_249_EMPLOYEE,2011,14989.2
PRT,50_249_EMPLOYEE,2012,14562.2
PRT,50_249_EMPLOYEE,2013,15699.1
PRT,50_249_EMPLOYEE,2014,16471.4
PRT,50_249_EMPLOYEE,2015,14159.5
PRT,50_249_EMPLOYEE,2016,15810.4
SVK,0_9_EMPLOYEE,2008,4653.15
SVK,0_9_EMPLOYEE,2009,3782.56
SVK,0_9_EMPLOYEE,2010,4705.27
SVK,0_9_EMPLOYEE,2011,6027.85
SVK,0_9_EMPLOYEE,2012,6707.42
SVK,0_9_EMPLOYEE,2013,6934.94
SVK,0_9_EMPLOYEE,2014,6379.87
SVK,0_9_EMPLOYEE,2015,5375.54
SVK,0_9_EMPLOYEE,2016,4060.57
SVK,10_49_EMPLOYEE,2008,10879.5
SVK,10_49_EMPLOYEE,2009,9400.57
SVK,10_49_EMPLOYEE,2010,3382.54
SVK,10_49_EMPLOYEE,2011,5254.85
SVK,10_49_EMPLOYEE,2012,4430.06
SVK,10_49_EMPLOYEE,2013,4842.15
SVK,10_49_EMPLOYEE,2014,4482.33
SVK,10_49_EMPLOYEE,2015,4103.65
SVK,10_49_EMPLOYEE,2016,4242
SVK,250MORE_EMPLOYEE,2008,40886.6
SVK,250MORE_EMPLOYEE,2009,29077.5
SVK,250MORE_EMPLOYEE,2010,30752.3
SVK,250MORE_EMPLOYEE,2011,49194.5
SVK,250MORE_EMPLOYEE,2012,51386.2
SVK,250MORE_EMPLOYEE,2013,42655.7
SVK,250MORE_EMPLOYEE,2014,54793.9
SVK,250MORE_EMPLOYEE,2015,47135.9
SVK,250MORE_EMPLOYEE,2016,48349.5
SVK,50_249_EMPLOYEE,2008,7546.69
SVK,50_249_EMPLOYEE,2009,5721.24
SVK,50_249_EMPLOYEE,2010,13555.8
SVK,50_249_EMPLOYEE,2011,9654.77
SVK,50_249_EMPLOYEE,2012,8571.43
SVK,50_249_EMPLOYEE,2013,21353.6
SVK,50_249_EMPLOYEE,2014,9747.93
SVK,50_249_EMPLOYEE,2015,8852.73
SVK,50_249_EMPLOYEE,2016,9033.53
ESP,0_9_EMPLOYEE,2008,26845.5
ESP,0_9_EMPLOYEE,2009,24738.7
ESP,0_9_EMPLOYEE,2010,29903.8
ESP,0_9_EMPLOYEE,2011,31768.4
ESP,0_9_EMPLOYEE,2012,29044.1
ESP,0_9_EMPLOYEE,2013,29702.9
ESP,0_9_EMPLOYEE,2014,34664.4
ESP,0_9_EMPLOYEE,2015,30709.4
ESP,0_9_EMPLOYEE,2016,32803.1
ESP,10_49_EMPLOYEE,2008,36579.9
ESP,10_49_EMPLOYEE,2009,29603.4
ESP,10_49_EMPLOYEE,2010,33775.5
ESP,10_49_EMPLOYEE,2011,40874.4
ESP,10_49_EMPLOYEE,2012,39990.4
ESP,10_49_EMPLOYEE,2013,41616.2
ESP,10_49_EMPLOYEE,2014,44160.3
ESP,10_49_EMPLOYEE,2015,37015.3
ESP,10_49_EMPLOYEE,2016,38161.4
ESP,250MORE_EMPLOYEE,2008,136402
ESP,250MORE_EMPLOYEE,2009,104584
ESP,250MORE_EMPLOYEE,2010,114585
ESP,250MORE_EMPLOYEE,2011,138188
ESP,250MORE_EMPLOYEE,2012,137375
ESP,250MORE_EMPLOYEE,2013,148230
ESP,250MORE_EMPLOYEE,2014,147239
ESP,250MORE_EMPLOYEE,2015,128901
ESP,250MORE_EMPLOYEE,2016,132482
ESP,50_249_EMPLOYEE,2008,60906.9
ESP,50_249_EMPLOYEE,2009,50122
ESP,50_249_EMPLOYEE,2010,52667
ESP,50_249_EMPLOYEE,2011,65482.5
ESP,50_249_EMPLOYEE,2012,60234.8
ESP,50_249_EMPLOYEE,2013,64929.9
ESP,50_249_EMPLOYEE,2014,69494
ESP,50_249_EMPLOYEE,2015,60947.7
ESP,50_249_EMPLOYEE,2016,61819.7
SWE,0_9_EMPLOYEE,2008,11283
SWE,0_9_EMPLOYEE,2009,9057.39
SWE,0_9_EMPLOYEE,2010,19896.8
SWE,0_9_EMPLOYEE,2011,19824.4
SWE,0_9_EMPLOYEE,2012,18484.2
SWE,0_9_EMPLOYEE,2013,18228.9
SWE,0_9_EMPLOYEE,2014,19408
SWE,0_9_EMPLOYEE,2015,16921.3
SWE,0_9_EMPLOYEE,2016,19277.7
SWE,10_49_EMPLOYEE,2008,15564.8
SWE,10_49_EMPLOYEE,2009,10769.5
SWE,10_49_EMPLOYEE,2010,12691.9
SWE,10_49_EMPLOYEE,2011,15370.4
SWE,10_49_EMPLOYEE,2012,14682.5
SWE,10_49_EMPLOYEE,2013,14567.6
SWE,10_49_EMPLOYEE,2014,14891
SWE,10_49_EMPLOYEE,2015,12445.4
SWE,10_49_EMPLOYEE,2016,12002.3
SWE,250MORE_EMPLOYEE,2008,115378
SWE,250MORE_EMPLOYEE,2009,77685.2
SWE,250MORE_EMPLOYEE,2010,96563.2
SWE,250MORE_EMPLOYEE,2011,116381
SWE,250MORE_EMPLOYEE,2012,106606
SWE,250MORE_EMPLOYEE,2013,102663
SWE,250MORE_EMPLOYEE,2014,98201.8
SWE,250MORE_EMPLOYEE,2015,82364.5
SWE,250MORE_EMPLOYEE,2016,79270
SWE,50_249_EMPLOYEE,2008,27028
SWE,50_249_EMPLOYEE,2009,21697
SWE,50_249_EMPLOYEE,2010,25476.3
SWE,50_249_EMPLOYEE,2011,30262.2
SWE,50_249_EMPLOYEE,2012,27728.3
SWE,50_249_EMPLOYEE,2013,25875.4
SWE,50_249_EMPLOYEE,2014,26414.5
SWE,50_249_EMPLOYEE,2015,23172.7
SWE,50_249_EMPLOYEE,2016,23558.3
TUR,0_9_EMPLOYEE,2008,17592.9
TUR,0_9_EMPLOYEE,2009,17562.2
TUR,0_9_EMPLOYEE,2010,18551.7
TUR,0_9_EMPLOYEE,2011,20435.3
TUR,0_9_EMPLOYEE,2012,31375.9
TUR,0_9_EMPLOYEE,2013,27049.8
TUR,0_9_EMPLOYEE,2014,27224.5
TUR,10_49_EMPLOYEE,2008,34383.6
TUR,10_49_EMPLOYEE,2009,25493.2
TUR,10_49_EMPLOYEE,2010,27865.6
TUR,10_49_EMPLOYEE,2011,34662.5
TUR,10_49_EMPLOYEE,2012,36941.7
TUR,10_49_EMPLOYEE,2013,36458.2
TUR,10_49_EMPLOYEE,2014,32496.3
TUR,250MORE_EMPLOYEE,2008,56558.9
TUR,250MORE_EMPLOYEE,2009,40335.2
TUR,250MORE_EMPLOYEE,2010,44864.7
TUR,250MORE_EMPLOYEE,2011,54195
TUR,250MORE_EMPLOYEE,2012,56696.3
TUR,250MORE_EMPLOYEE,2013,61730.7
TUR,250MORE_EMPLOYEE,2014,68300
TUR,50_249_EMPLOYEE,2008,23162.3
TUR,50_249_EMPLOYEE,2009,17620
TUR,50_249_EMPLOYEE,2010,21752.1
TUR,50_249_EMPLOYEE,2011,25164.1
TUR,50_249_EMPLOYEE,2012,26960.1
TUR,50_249_EMPLOYEE,2013,26242.8
TUR,50_249_EMPLOYEE,2014,28854.7
GBR,0_9_EMPLOYEE,2008,113367
GBR,0_9_EMPLOYEE,2009,87083.1
GBR,0_9_EMPLOYEE,2010,62458.7
GBR,0_9_EMPLOYEE,2011,69193.5
GBR,0_9_EMPLOYEE,2012,63812.7
GBR,0_9_EMPLOYEE,2013,67433.1
GBR,0_9_EMPLOYEE,2014,69897.6
GBR,0_9_EMPLOYEE,2015,65694.9
GBR,0_9_EMPLOYEE,2016,63282
GBR,10_49_EMPLOYEE,2008,48932.7
GBR,10_49_EMPLOYEE,2009,35869.9
GBR,10_49_EMPLOYEE,2010,33605.3
GBR,10_49_EMPLOYEE,2011,41489.4
GBR,10_49_EMPLOYEE,2012,39157.2
GBR,10_49_EMPLOYEE,2013,40343.1
GBR,10_49_EMPLOYEE,2014,40810.9
GBR,10_49_EMPLOYEE,2015,36505.9
GBR,10_49_EMPLOYEE,2016,34341
GBR,250MORE_EMPLOYEE,2008,193493
GBR,250MORE_EMPLOYEE,2009,139625
GBR,250MORE_EMPLOYEE,2010,220529
GBR,250MORE_EMPLOYEE,2011,285769
GBR,250MORE_EMPLOYEE,2012,258996
GBR,250MORE_EMPLOYEE,2013,320762
GBR,250MORE_EMPLOYEE,2014,282980
GBR,250MORE_EMPLOYEE,2015,263434
GBR,250MORE_EMPLOYEE,2016,225518
GBR,50_249_EMPLOYEE,2008,66476.4
GBR,50_249_EMPLOYEE,2009,64641.8
GBR,50_249_EMPLOYEE,2010,55550.5
GBR,50_249_EMPLOYEE,2011,63877.6
GBR,50_249_EMPLOYEE,2012,65305.9
GBR,50_249_EMPLOYEE,2013,68885.5
GBR,50_249_EMPLOYEE,2014,68478
GBR,50_249_EMPLOYEE,2015,63765.5
GBR,50_249_EMPLOYEE,2016,60122.4
USA,0_9_EMPLOYEE,2008,150142
USA,0_9_EMPLOYEE,2009,127616
USA,0_9_EMPLOYEE,2010,160089
USA,0_9_EMPLOYEE,2011,187996
USA,0_9_EMPLOYEE,2012,181491
USA,0_9_EMPLOYEE,2013,183545
USA,0_9_EMPLOYEE,2014,189987
USA,10_49_EMPLOYEE,2008,73454.8
USA,10_49_EMPLOYEE,2009,61537.2
USA,10_49_EMPLOYEE,2010,74297.4
USA,10_49_EMPLOYEE,2011,81954.1
USA,10_49_EMPLOYEE,2012,80847.7
USA,10_49_EMPLOYEE,2013,84536.9
USA,10_49_EMPLOYEE,2014,80663.7
USA,250MORE_EMPLOYEE,2008,829820
USA,250MORE_EMPLOYEE,2009,665882
USA,250MORE_EMPLOYEE,2010,800381
USA,250MORE_EMPLOYEE,2011,929537
USA,250MORE_EMPLOYEE,2012,987012
USA,250MORE_EMPLOYEE,2013,1002320
USA,250MORE_EMPLOYEE,2014,1028500
USA,50_249_EMPLOYEE,2008,97486.4
USA,50_249_EMPLOYEE,2009,83758.4
USA,50_249_EMPLOYEE,2010,102867
USA,50_249_EMPLOYEE,2011,120455
USA,50_249_EMPLOYEE,2012,130333
USA,50_249_EMPLOYEE,2013,130548
USA,50_249_EMPLOYEE,2014,142764
BGR,0_9_EMPLOYEE,2008,1345.01
BGR,0_9_EMPLOYEE,2009,1526.83
BGR,0_9_EMPLOYEE,2010,2072.04
BGR,0_9_EMPLOYEE,2011,2614.59
BGR,0_9_EMPLOYEE,2012,2727.04
BGR,0_9_EMPLOYEE,2013,2909.46
BGR,0_9_EMPLOYEE,2014,3020.28
BGR,0_9_EMPLOYEE,2015,2679.92
BGR,0_9_EMPLOYEE,2016,2865.27
BGR,10_49_EMPLOYEE,2008,2850.52
BGR,10_49_EMPLOYEE,2009,2151.03
BGR,10_49_EMPLOYEE,2010,2687.82
BGR,10_49_EMPLOYEE,2011,4084.05
BGR,10_49_EMPLOYEE,2012,3850.03
BGR,10_49_EMPLOYEE,2013,4421.81
BGR,10_49_EMPLOYEE,2014,3937.97
BGR,10_49_EMPLOYEE,2015,3481.55
BGR,10_49_EMPLOYEE,2016,3397.77
BGR,250MORE_EMPLOYEE,2008,12747.7
BGR,250MORE_EMPLOYEE,2009,8586.47
BGR,250MORE_EMPLOYEE,2010,11096
BGR,250MORE_EMPLOYEE,2011,15220.3
BGR,250MORE_EMPLOYEE,2012,14452.8
BGR,250MORE_EMPLOYEE,2013,NA
BGR,250MORE_EMPLOYEE,2014,15004
BGR,250MORE_EMPLOYEE,2015,12749.4
BGR,250MORE_EMPLOYEE,2016,12591.5
BGR,50_249_EMPLOYEE,2008,4529.25
BGR,50_249_EMPLOYEE,2009,3503.27
BGR,50_249_EMPLOYEE,2010,4325.32
BGR,50_249_EMPLOYEE,2011,5175.97
BGR,50_249_EMPLOYEE,2012,4938.98
BGR,50_249_EMPLOYEE,2013,5723.64
BGR,50_249_EMPLOYEE,2014,5932.49
BGR,50_249_EMPLOYEE,2015,5039.37
BGR,50_249_EMPLOYEE,2016,5719.04
CRI,0_9_EMPLOYEE,2013,571.784
CRI,10_49_EMPLOYEE,2013,627.28
CRI,250MORE_EMPLOYEE,2013,7887.1
CRI,50_249_EMPLOYEE,2013,2102.24
HRV,0_9_EMPLOYEE,2012,653.258
HRV,0_9_EMPLOYEE,2013,1360.46
HRV,0_9_EMPLOYEE,2014,1804.46
HRV,0_9_EMPLOYEE,2015,1723.35
HRV,0_9_EMPLOYEE,2016,1782.02
HRV,10_49_EMPLOYEE,2012,1475.06
HRV,10_49_EMPLOYEE,2013,1561.88
HRV,10_49_EMPLOYEE,2014,1643.17
HRV,10_49_EMPLOYEE,2015,1586.65
HRV,10_49_EMPLOYEE,2016,1742.18
HRV,250MORE_EMPLOYEE,2012,7286.81
HRV,250MORE_EMPLOYEE,2013,6474.93
HRV,250MORE_EMPLOYEE,2014,6180.22
HRV,250MORE_EMPLOYEE,2015,5318.16
HRV,250MORE_EMPLOYEE,2016,5201.46
HRV,50_249_EMPLOYEE,2012,2919.5
HRV,50_249_EMPLOYEE,2013,3162.68
HRV,50_249_EMPLOYEE,2014,3160.88
HRV,50_249_EMPLOYEE,2015,2835.53
HRV,50_249_EMPLOYEE,2016,2910.97
CYP,0_9_EMPLOYEE,2009,201.448
CYP,0_9_EMPLOYEE,2010,216.733
CYP,0_9_EMPLOYEE,2011,357.467
CYP,0_9_EMPLOYEE,2012,348.498
CYP,0_9_EMPLOYEE,2013,347.289
CYP,0_9_EMPLOYEE,2014,337.106
CYP,0_9_EMPLOYEE,2015,280.165
CYP,0_9_EMPLOYEE,2016,304.073
CYP,10_49_EMPLOYEE,2009,334.191
CYP,10_49_EMPLOYEE,2010,377.139
CYP,10_49_EMPLOYEE,2011,522.669
CYP,10_49_EMPLOYEE,2012,541.46
CYP,10_49_EMPLOYEE,2013,513.64
CYP,10_49_EMPLOYEE,2014,543.607
CYP,10_49_EMPLOYEE,2015,594.03
CYP,10_49_EMPLOYEE,2016,681.212
CYP,250MORE_EMPLOYEE,2009,158.848
CYP,250MORE_EMPLOYEE,2010,217.098
CYP,250MORE_EMPLOYEE,2011,265.769
CYP,250MORE_EMPLOYEE,2012,266.122
CYP,250MORE_EMPLOYEE,2013,479.966
CYP,250MORE_EMPLOYEE,2014,305.657
CYP,250MORE_EMPLOYEE,2015,281.947
CYP,250MORE_EMPLOYEE,2016,316.631
CYP,50_249_EMPLOYEE,2009,348.327
CYP,50_249_EMPLOYEE,2010,382.457
CYP,50_249_EMPLOYEE,2011,384.724
CYP,50_249_EMPLOYEE,2012,325.242
CYP,50_249_EMPLOYEE,2013,372.184
CYP,50_249_EMPLOYEE,2014,361.779
CYP,50_249_EMPLOYEE,2015,581.416
CYP,50_249_EMPLOYEE,2016,388.726
EST,0_9_EMPLOYEE,2008,1576.94
EST,0_9_EMPLOYEE,2009,1132.43
EST,0_9_EMPLOYEE,2010,1615.5
EST,0_9_EMPLOYEE,2011,2144.05
EST,0_9_EMPLOYEE,2012,2401.96
EST,0_9_EMPLOYEE,2013,3513.96
EST,0_9_EMPLOYEE,2014,3088.37
EST,0_9_EMPLOYEE,2015,2307.59
EST,0_9_EMPLOYEE,2016,1921.1
EST,10_49_EMPLOYEE,2008,2535.91
EST,10_49_EMPLOYEE,2009,1734.27
EST,10_49_EMPLOYEE,2010,1897.36
EST,10_49_EMPLOYEE,2011,2675.26
EST,10_49_EMPLOYEE,2012,2564.8
EST,10_49_EMPLOYEE,2013,2597.48
EST,10_49_EMPLOYEE,2014,2705.74
EST,10_49_EMPLOYEE,2015,2167.57
EST,10_49_EMPLOYEE,2016,2097.61
EST,250MORE_EMPLOYEE,2008,1860.4
EST,250MORE_EMPLOYEE,2009,1466.85
EST,250MORE_EMPLOYEE,2010,2670.41
EST,250MORE_EMPLOYEE,2011,4082.15
EST,250MORE_EMPLOYEE,2012,4068.77
EST,250MORE_EMPLOYEE,2013,4293.2
EST,250MORE_EMPLOYEE,2014,4388.29
EST,250MORE_EMPLOYEE,2015,3524.65
EST,250MORE_EMPLOYEE,2016,3652.64
EST,50_249_EMPLOYEE,2008,4358.15
EST,50_249_EMPLOYEE,2009,3427.86
EST,50_249_EMPLOYEE,2010,4401.73
EST,50_249_EMPLOYEE,2011,6106.83
EST,50_249_EMPLOYEE,2012,5239.66
EST,50_249_EMPLOYEE,2013,5155.83
EST,50_249_EMPLOYEE,2014,5214.77
EST,50_249_EMPLOYEE,2015,4315.14
EST,50_249_EMPLOYEE,2016,4297.27
LVA,0_9_EMPLOYEE,2008,1003.51
LVA,0_9_EMPLOYEE,2009,916.184
LVA,0_9_EMPLOYEE,2010,1259.73
LVA,0_9_EMPLOYEE,2011,1872.37
LVA,0_9_EMPLOYEE,2012,2084.09
LVA,0_9_EMPLOYEE,2013,2509
LVA,0_9_EMPLOYEE,2014,2596.11
LVA,0_9_EMPLOYEE,2015,2005.82
LVA,0_9_EMPLOYEE,2016,1905.94
LVA,10_49_EMPLOYEE,2008,2128.66
LVA,10_49_EMPLOYEE,2009,1677.05
LVA,10_49_EMPLOYEE,2010,2319.07
LVA,10_49_EMPLOYEE,2011,3023.08
LVA,10_49_EMPLOYEE,2012,2902.35
LVA,10_49_EMPLOYEE,2013,2758.44
LVA,10_49_EMPLOYEE,2014,3064.13
LVA,10_49_EMPLOYEE,2015,2624.42
LVA,10_49_EMPLOYEE,2016,2296.17
LVA,250MORE_EMPLOYEE,2008,2517.23
LVA,250MORE_EMPLOYEE,2009,1656.58
LVA,250MORE_EMPLOYEE,2010,1877.36
LVA,250MORE_EMPLOYEE,2011,2317.83
LVA,250MORE_EMPLOYEE,2012,2660.38
LVA,250MORE_EMPLOYEE,2013,2432.98
LVA,250MORE_EMPLOYEE,2014,2354.62
LVA,250MORE_EMPLOYEE,2015,2126.33
LVA,250MORE_EMPLOYEE,2016,2318.43
LVA,50_249_EMPLOYEE,2008,3288.09
LVA,50_249_EMPLOYEE,2009,2617.8
LVA,50_249_EMPLOYEE,2010,3004.68
LVA,50_249_EMPLOYEE,2011,4273.85
LVA,50_249_EMPLOYEE,2012,4761.67
LVA,50_249_EMPLOYEE,2013,5231.47
LVA,50_249_EMPLOYEE,2014,5112.13
LVA,50_249_EMPLOYEE,2015,4187.65
LVA,50_249_EMPLOYEE,2016,4306.45
LTU,0_9_EMPLOYEE,2008,1504.32
LTU,0_9_EMPLOYEE,2009,1246.54
LTU,0_9_EMPLOYEE,2010,1610.13
LTU,0_9_EMPLOYEE,2011,2379.98
LTU,0_9_EMPLOYEE,2012,2652.72
LTU,0_9_EMPLOYEE,2013,3250.48
LTU,0_9_EMPLOYEE,2014,3303.73
LTU,0_9_EMPLOYEE,2015,2881.88
LTU,0_9_EMPLOYEE,2016,2467.59
LTU,10_49_EMPLOYEE,2008,3046.79
LTU,10_49_EMPLOYEE,2009,2167.45
LTU,10_49_EMPLOYEE,2010,2733.06
LTU,10_49_EMPLOYEE,2011,3688.91
LTU,10_49_EMPLOYEE,2012,3892.37
LTU,10_49_EMPLOYEE,2013,4009.99
LTU,10_49_EMPLOYEE,2014,4165.55
LTU,10_49_EMPLOYEE,2015,3389.01
LTU,10_49_EMPLOYEE,2016,3439.24
LTU,250MORE_EMPLOYEE,2008,0
LTU,250MORE_EMPLOYEE,2009,6662.17
LTU,250MORE_EMPLOYEE,2010,8419.96
LTU,250MORE_EMPLOYEE,2011,11354.4
LTU,250MORE_EMPLOYEE,2012,11356.3
LTU,250MORE_EMPLOYEE,2013,11930
LTU,250MORE_EMPLOYEE,2014,10443.4
LTU,250MORE_EMPLOYEE,2015,8172.31
LTU,250MORE_EMPLOYEE,2016,7994.24
LTU,50_249_EMPLOYEE,2008,5803.54
LTU,50_249_EMPLOYEE,2009,0
LTU,50_249_EMPLOYEE,2010,5101.94
LTU,50_249_EMPLOYEE,2011,6155.66
LTU,50_249_EMPLOYEE,2012,6461.07
LTU,50_249_EMPLOYEE,2013,6856.18
LTU,50_249_EMPLOYEE,2014,6546.35
LTU,50_249_EMPLOYEE,2015,5637.52
LTU,50_249_EMPLOYEE,2016,5875.86
MLT,0_9_EMPLOYEE,2009,318.041
MLT,0_9_EMPLOYEE,2010,627.181
MLT,0_9_EMPLOYEE,2011,832.515
MLT,0_9_EMPLOYEE,2012,832.698
MLT,0_9_EMPLOYEE,2013,767.83
MLT,0_9_EMPLOYEE,2014,1099.94
MLT,0_9_EMPLOYEE,2015,1008.44
MLT,10_49_EMPLOYEE,2009,174.628
MLT,10_49_EMPLOYEE,2010,940.748
MLT,10_49_EMPLOYEE,2011,1160.3
MLT,10_49_EMPLOYEE,2012,886.432
MLT,10_49_EMPLOYEE,2013,573.431
MLT,10_49_EMPLOYEE,2014,165.722
MLT,10_49_EMPLOYEE,2015,296.729
MLT,250MORE_EMPLOYEE,2009,1472.47
MLT,250MORE_EMPLOYEE,2010,1781.3
MLT,250MORE_EMPLOYEE,2011,2054.28
MLT,250MORE_EMPLOYEE,2012,2021.54
MLT,250MORE_EMPLOYEE,2013,1942.07
MLT,250MORE_EMPLOYEE,2014,NA
MLT,250MORE_EMPLOYEE,2015,1079.96
MLT,50_249_EMPLOYEE,2009,248.718
MLT,50_249_EMPLOYEE,2010,283.493
MLT,50_249_EMPLOYEE,2011,311.111
MLT,50_249_EMPLOYEE,2012,505.2
MLT,50_249_EMPLOYEE,2013,353.263
MLT,50_249_EMPLOYEE,2014,304.076
MLT,50_249_EMPLOYEE,2015,216.872
ROU,0_9_EMPLOYEE,2008,6883.99
ROU,0_9_EMPLOYEE,2009,5990.14
ROU,0_9_EMPLOYEE,2010,3143.21
ROU,0_9_EMPLOYEE,2011,7034.43
ROU,0_9_EMPLOYEE,2012,4186.44
ROU,0_9_EMPLOYEE,2013,2992.21
ROU,0_9_EMPLOYEE,2014,9903.9
ROU,0_9_EMPLOYEE,2015,9830.45
ROU,0_9_EMPLOYEE,2016,9803.58
ROU,10_49_EMPLOYEE,2008,3845.1
ROU,10_49_EMPLOYEE,2009,3431.29
ROU,10_49_EMPLOYEE,2010,4018.2
ROU,10_49_EMPLOYEE,2011,4832.11
ROU,10_49_EMPLOYEE,2012,4561.81
ROU,10_49_EMPLOYEE,2013,5510.97
ROU,10_49_EMPLOYEE,2014,5690.61
ROU,10_49_EMPLOYEE,2015,4769.75
ROU,10_49_EMPLOYEE,2016,4299.97
ROU,250MORE_EMPLOYEE,2008,28925.3
ROU,250MORE_EMPLOYEE,2009,22819.5
ROU,250MORE_EMPLOYEE,2010,31764.1
ROU,250MORE_EMPLOYEE,2011,36544.8
ROU,250MORE_EMPLOYEE,2012,32124.9
ROU,250MORE_EMPLOYEE,2013,37541.6
ROU,250MORE_EMPLOYEE,2014,40867.5
ROU,250MORE_EMPLOYEE,2015,34447.3
ROU,250MORE_EMPLOYEE,2016,37209
ROU,50_249_EMPLOYEE,2008,9339.38
ROU,50_249_EMPLOYEE,2009,7698.07
ROU,50_249_EMPLOYEE,2010,9437.09
ROU,50_249_EMPLOYEE,2011,12850.3
ROU,50_249_EMPLOYEE,2012,11152.9
ROU,50_249_EMPLOYEE,2013,12864.9
ROU,50_249_EMPLOYEE,2014,11991
ROU,50_249_EMPLOYEE,2015,10283.9
ROU,50_249_EMPLOYEE,2016,10857.8
SVN,0_9_EMPLOYEE,2008,2710.09
SVN,0_9_EMPLOYEE,2009,2351.61
SVN,0_9_EMPLOYEE,2010,2256.09
SVN,0_9_EMPLOYEE,2011,2722.84
SVN,0_9_EMPLOYEE,2012,2723.62
SVN,0_9_EMPLOYEE,2013,3096.11
SVN,0_9_EMPLOYEE,2014,NA
SVN,0_9_EMPLOYEE,2015,3212.08
SVN,0_9_EMPLOYEE,2016,3150.38
SVN,10_49_EMPLOYEE,2008,3149.31
SVN,10_49_EMPLOYEE,2009,2267.15
SVN,10_49_EMPLOYEE,2010,2718.99
SVN,10_49_EMPLOYEE,2011,3521.08
SVN,10_49_EMPLOYEE,2012,3184.16
SVN,10_49_EMPLOYEE,2013,3624.31
SVN,10_49_EMPLOYEE,2014,3669.62
SVN,10_49_EMPLOYEE,2015,3253.9
SVN,10_49_EMPLOYEE,2016,3445.87
SVN,250MORE_EMPLOYEE,2008,15281.2
SVN,250MORE_EMPLOYEE,2009,11284.8
SVN,250MORE_EMPLOYEE,2010,12271.4
SVN,250MORE_EMPLOYEE,2011,14052.7
SVN,250MORE_EMPLOYEE,2012,13186.7
SVN,250MORE_EMPLOYEE,2013,13199.3
SVN,250MORE_EMPLOYEE,2014,13634
SVN,250MORE_EMPLOYEE,2015,11691.2
SVN,250MORE_EMPLOYEE,2016,12061.5
SVN,50_249_EMPLOYEE,2008,5956.81
SVN,50_249_EMPLOYEE,2009,4866.52
SVN,50_249_EMPLOYEE,2010,5494.48
SVN,50_249_EMPLOYEE,2011,6211.95
SVN,50_249_EMPLOYEE,2012,5557.43
SVN,50_249_EMPLOYEE,2013,5969.97
SVN,50_249_EMPLOYEE,2014,6573.91
SVN,50_249_EMPLOYEE,2015,5558.1
SVN,50_249_EMPLOYEE,2016,5817.66
ISR,ALLSIZE,2013,66716.2
ISR,ALLSIZE,2014,68833.8
ISR,ALLSIZE,2015,64037.2
ISR,ALLSIZE,2016,60551.4
ISR,ALLSIZE,2017,60959.1
ISR,0_9_EMPLOYEE,2013,12746.5
ISR,0_9_EMPLOYEE,2014,13574.9
ISR,0_9_EMPLOYEE,2015,12351.7
ISR,0_9_EMPLOYEE,2016,12624.7
ISR,0_9_EMPLOYEE,2017,11992.4
ISR,10_49_EMPLOYEE,2013,12150.5
ISR,10_49_EMPLOYEE,2014,12866.7
ISR,10_49_EMPLOYEE,2015,10676.4
ISR,10_49_EMPLOYEE,2016,9030.69
ISR,10_49_EMPLOYEE,2017,9022.95
ISR,250MORE_EMPLOYEE,2013,32407.9
ISR,250MORE_EMPLOYEE,2014,33229.1
ISR,250MORE_EMPLOYEE,2015,32847.6
ISR,250MORE_EMPLOYEE,2016,30422.4
ISR,250MORE_EMPLOYEE,2017,31096.2
ISR,50_249_EMPLOYEE,2013,9411.24
ISR,50_249_EMPLOYEE,2014,9163.08
ISR,50_249_EMPLOYEE,2015,8161.42
ISR,50_249_EMPLOYEE,2016,8473.66
ISR,50_249_EMPLOYEE,2017,8847.59
ISL,ALLSIZE,2014,5059.01
ISL,ALLSIZE,2015,4746.26
ISL,ALLSIZE,2016,4450.15
ISL,0_9_EMPLOYEE,2014,584.865
ISL,0_9_EMPLOYEE,2015,647.333
ISL,0_9_EMPLOYEE,2016,633.065
ISL,10_49_EMPLOYEE,2014,1055.67
ISL,10_49_EMPLOYEE,2015,885.392
ISL,10_49_EMPLOYEE,2016,964.641
ISL,250MORE_EMPLOYEE,2014,2659.66
ISL,250MORE_EMPLOYEE,2015,2543.28
ISL,250MORE_EMPLOYEE,2016,2206.51
ISL,50_249_EMPLOYEE,2014,650.56
ISL,50_249_EMPLOYEE,2015,600.658
ISL,50_249_EMPLOYEE,2016,561.724
