LOCATION,INDICATOR,SUBJECT,MEASURE,FREQUENCY,TIME,Value,Flag Codes
AUS,MFP,TOT,AGRWTH,A,1985,-0.60803,
AUS,MFP,TOT,AGRWTH,A,1986,-0.733171,
AUS,MFP,TOT,AGRWTH,A,1987,1.598455,
AUS,MFP,TOT,AGRWTH,A,1988,-0.696843,
AUS,MFP,TOT,AGRWTH,A,1989,-0.300563,
AUS,MFP,TOT,AGRWTH,A,1990,-0.24324,
AUS,MFP,TOT,AGRWTH,A,1991,0.712584,
AUS,MFP,TOT,AGRWTH,A,1992,2.282605,
AUS,MFP,TOT,AGRWTH,A,1993,0.361978,
AUS,MFP,TOT,AGRWTH,A,1994,0.152663,
AUS,MFP,TOT,AGRWTH,A,1995,2.012949,
AUS,MFP,TOT,AGRWTH,A,1996,2.316946,
AUS,MFP,TOT,AGRWTH,A,1997,2.322403,
AUS,MFP,TOT,AGRWTH,A,1998,2.351387,
AUS,MFP,TOT,AGRWTH,A,1999,0.382497,
AUS,MFP,TOT,AGRWTH,A,2000,0.104617,
AUS,MFP,TOT,AGRWTH,A,2001,2.38085,
AUS,MFP,TOT,AGRWTH,A,2002,0.556915,
AUS,MFP,TOT,AGRWTH,A,2003,1.444126,
AUS,MFP,TOT,AGRWTH,A,2004,-0.807481,
AUS,MFP,TOT,AGRWTH,A,2005,-0.541687,
AUS,MFP,TOT,AGRWTH,A,2006,-0.092934,
AUS,MFP,TOT,AGRWTH,A,2007,0.135219,
AUS,MFP,TOT,AGRWTH,A,2008,1.436071,
AUS,MFP,TOT,AGRWTH,A,2009,-1.439183,
AUS,MFP,TOT,AGRWTH,A,2010,0.308807,
AUS,MFP,TOT,AGRWTH,A,2011,0.22302,
AUS,MFP,TOT,AGRWTH,A,2012,0.799363,
AUS,MFP,TOT,AGRWTH,A,2013,0.687354,
AUS,MFP,TOT,AGRWTH,A,2014,-0.081471,
AUS,MFP,TOT,AGRWTH,A,2015,1.803537,
AUS,MFP,TOT,AGRWTH,A,2016,-0.19349,
AUS,MFP,TOT,AGRWTH,A,2017,0.914059,
AUS,MFP,TOT,AGRWTH,A,2018,-0.027473,
AUS,MFP,TOT,AGRWTH,A,2019,0.308568,
AUS,MFP,TOT,AGRWTH,A,2020,1.366577,
AUS,MFP,TOT,AGRWTH,A,2021,1.164439,
AUT,MFP,TOT,AGRWTH,A,1989,2.267096,
AUT,MFP,TOT,AGRWTH,A,1990,2.067615,
AUT,MFP,TOT,AGRWTH,A,1991,1.732464,
AUT,MFP,TOT,AGRWTH,A,1992,1.160581,
AUT,MFP,TOT,AGRWTH,A,1993,1.373337,
AUT,MFP,TOT,AGRWTH,A,1994,2.784615,
AUT,MFP,TOT,AGRWTH,A,1995,5.509766,
AUT,MFP,TOT,AGRWTH,A,1996,-0.190707,
AUT,MFP,TOT,AGRWTH,A,1997,0.275221,
AUT,MFP,TOT,AGRWTH,A,1998,2.570452,
AUT,MFP,TOT,AGRWTH,A,1999,1.020053,
AUT,MFP,TOT,AGRWTH,A,2000,1.329074,
AUT,MFP,TOT,AGRWTH,A,2001,-0.055296,
AUT,MFP,TOT,AGRWTH,A,2002,0.6434,
AUT,MFP,TOT,AGRWTH,A,2003,-0.207767,
AUT,MFP,TOT,AGRWTH,A,2004,1.224977,
AUT,MFP,TOT,AGRWTH,A,2005,1.624072,
AUT,MFP,TOT,AGRWTH,A,2006,2.066348,
AUT,MFP,TOT,AGRWTH,A,2007,2.022537,
AUT,MFP,TOT,AGRWTH,A,2008,-0.452293,
AUT,MFP,TOT,AGRWTH,A,2009,-2.16249,
AUT,MFP,TOT,AGRWTH,A,2010,0.944331,
AUT,MFP,TOT,AGRWTH,A,2011,0.692385,
AUT,MFP,TOT,AGRWTH,A,2012,0.25628,
AUT,MFP,TOT,AGRWTH,A,2013,-0.289308,
AUT,MFP,TOT,AGRWTH,A,2014,-0.168234,
AUT,MFP,TOT,AGRWTH,A,2015,0.611637,
AUT,MFP,TOT,AGRWTH,A,2016,-0.31935,
AUT,MFP,TOT,AGRWTH,A,2017,0.722947,
AUT,MFP,TOT,AGRWTH,A,2018,0.138031,
AUT,MFP,TOT,AGRWTH,A,2019,-0.586858,
AUT,MFP,TOT,AGRWTH,A,2020,-0.766258,
AUT,MFP,TOT,AGRWTH,A,2021,0.063116,
BEL,MFP,TOT,AGRWTH,A,1985,-0.236981,
BEL,MFP,TOT,AGRWTH,A,1986,0.834895,
BEL,MFP,TOT,AGRWTH,A,1987,1.139429,
BEL,MFP,TOT,AGRWTH,A,1988,2.399156,
BEL,MFP,TOT,AGRWTH,A,1989,1.176571,
BEL,MFP,TOT,AGRWTH,A,1990,0.141588,
BEL,MFP,TOT,AGRWTH,A,1991,1.900098,
BEL,MFP,TOT,AGRWTH,A,1992,1.409036,
BEL,MFP,TOT,AGRWTH,A,1993,0.227024,
BEL,MFP,TOT,AGRWTH,A,1994,2.198795,
BEL,MFP,TOT,AGRWTH,A,1995,-0.691592,
BEL,MFP,TOT,AGRWTH,A,1996,-0.235808,
BEL,MFP,TOT,AGRWTH,A,1997,1.490448,
BEL,MFP,TOT,AGRWTH,A,1998,-0.38353,
BEL,MFP,TOT,AGRWTH,A,1999,0.997774,
BEL,MFP,TOT,AGRWTH,A,2000,-0.020946,
BEL,MFP,TOT,AGRWTH,A,2001,-1.094598,
BEL,MFP,TOT,AGRWTH,A,2002,-0.332729,
BEL,MFP,TOT,AGRWTH,A,2003,-0.212758,
BEL,MFP,TOT,AGRWTH,A,2004,2.137556,
BEL,MFP,TOT,AGRWTH,A,2005,0.510042,
BEL,MFP,TOT,AGRWTH,A,2006,-0.073941,
BEL,MFP,TOT,AGRWTH,A,2007,1.105595,
BEL,MFP,TOT,AGRWTH,A,2008,-1.46267,
BEL,MFP,TOT,AGRWTH,A,2009,-1.87946,
BEL,MFP,TOT,AGRWTH,A,2010,1.032213,
BEL,MFP,TOT,AGRWTH,A,2011,-0.927074,
BEL,MFP,TOT,AGRWTH,A,2012,-0.162611,
BEL,MFP,TOT,AGRWTH,A,2013,0.156081,
BEL,MFP,TOT,AGRWTH,A,2014,0.784392,
BEL,MFP,TOT,AGRWTH,A,2015,0.915071,
BEL,MFP,TOT,AGRWTH,A,2016,-0.36613,
BEL,MFP,TOT,AGRWTH,A,2017,-0.487097,
BEL,MFP,TOT,AGRWTH,A,2018,-0.123367,
BEL,MFP,TOT,AGRWTH,A,2019,0.363221,
BEL,MFP,TOT,AGRWTH,A,2020,0.214773,
BEL,MFP,TOT,AGRWTH,A,2021,-0.045004,
CAN,MFP,TOT,AGRWTH,A,1985,0.856915,
CAN,MFP,TOT,AGRWTH,A,1986,-0.971771,
CAN,MFP,TOT,AGRWTH,A,1987,0.467283,
CAN,MFP,TOT,AGRWTH,A,1988,0.707197,
CAN,MFP,TOT,AGRWTH,A,1989,-0.340806,
CAN,MFP,TOT,AGRWTH,A,1990,-1.060588,
CAN,MFP,TOT,AGRWTH,A,1991,-0.898456,
CAN,MFP,TOT,AGRWTH,A,1992,1.02464,
CAN,MFP,TOT,AGRWTH,A,1993,1.525646,
CAN,MFP,TOT,AGRWTH,A,1994,1.851878,
CAN,MFP,TOT,AGRWTH,A,1995,0.822877,
CAN,MFP,TOT,AGRWTH,A,1996,-0.576627,
CAN,MFP,TOT,AGRWTH,A,1997,1.233129,
CAN,MFP,TOT,AGRWTH,A,1998,1.220608,
CAN,MFP,TOT,AGRWTH,A,1999,2.015868,
CAN,MFP,TOT,AGRWTH,A,2000,2.444156,
CAN,MFP,TOT,AGRWTH,A,2001,0.499402,
CAN,MFP,TOT,AGRWTH,A,2002,1.094486,
CAN,MFP,TOT,AGRWTH,A,2003,-0.304045,
CAN,MFP,TOT,AGRWTH,A,2004,0.357848,
CAN,MFP,TOT,AGRWTH,A,2005,1.203114,
CAN,MFP,TOT,AGRWTH,A,2006,0.35656,
CAN,MFP,TOT,AGRWTH,A,2007,-0.620584,
CAN,MFP,TOT,AGRWTH,A,2008,-0.969719,
CAN,MFP,TOT,AGRWTH,A,2009,-1.0838,
CAN,MFP,TOT,AGRWTH,A,2010,0.849155,
CAN,MFP,TOT,AGRWTH,A,2011,1.312142,
CAN,MFP,TOT,AGRWTH,A,2012,-0.371059,
CAN,MFP,TOT,AGRWTH,A,2013,0.926701,
CAN,MFP,TOT,AGRWTH,A,2014,2.083694,
CAN,MFP,TOT,AGRWTH,A,2015,-0.489114,
CAN,MFP,TOT,AGRWTH,A,2016,0.406248,
CAN,MFP,TOT,AGRWTH,A,2017,1.523199,
CAN,MFP,TOT,AGRWTH,A,2018,0.398361,
CAN,MFP,TOT,AGRWTH,A,2019,0.424405,
CAN,MFP,TOT,AGRWTH,A,2020,3.460181,
CAN,MFP,TOT,AGRWTH,A,2021,-2.651657,
DNK,MFP,TOT,AGRWTH,A,1985,1.439296,
DNK,MFP,TOT,AGRWTH,A,1986,1.216548,
DNK,MFP,TOT,AGRWTH,A,1987,-0.079832,
DNK,MFP,TOT,AGRWTH,A,1988,0.101479,
DNK,MFP,TOT,AGRWTH,A,1989,0.26204,
DNK,MFP,TOT,AGRWTH,A,1990,1.182445,
DNK,MFP,TOT,AGRWTH,A,1991,0.999298,
DNK,MFP,TOT,AGRWTH,A,1992,0.699086,
DNK,MFP,TOT,AGRWTH,A,1993,0.351797,
DNK,MFP,TOT,AGRWTH,A,1994,4.757727,
DNK,MFP,TOT,AGRWTH,A,1995,0.65308,
DNK,MFP,TOT,AGRWTH,A,1996,1.217151,
DNK,MFP,TOT,AGRWTH,A,1997,-0.072144,
DNK,MFP,TOT,AGRWTH,A,1998,-0.998203,
DNK,MFP,TOT,AGRWTH,A,1999,0.130036,
DNK,MFP,TOT,AGRWTH,A,2000,1.347865,
DNK,MFP,TOT,AGRWTH,A,2001,-1.213643,
DNK,MFP,TOT,AGRWTH,A,2002,-0.386928,
DNK,MFP,TOT,AGRWTH,A,2003,0.318357,
DNK,MFP,TOT,AGRWTH,A,2004,2.01372,
DNK,MFP,TOT,AGRWTH,A,2005,0.7117,
DNK,MFP,TOT,AGRWTH,A,2006,0.823502,
DNK,MFP,TOT,AGRWTH,A,2007,-0.67897,
DNK,MFP,TOT,AGRWTH,A,2008,-2.239138,
DNK,MFP,TOT,AGRWTH,A,2009,-2.866895,
DNK,MFP,TOT,AGRWTH,A,2010,2.618414,
DNK,MFP,TOT,AGRWTH,A,2011,0.260897,
DNK,MFP,TOT,AGRWTH,A,2012,0.970602,
DNK,MFP,TOT,AGRWTH,A,2013,0.388338,
DNK,MFP,TOT,AGRWTH,A,2014,1.112309,
DNK,MFP,TOT,AGRWTH,A,2015,1.167014,
DNK,MFP,TOT,AGRWTH,A,2016,1.084126,
DNK,MFP,TOT,AGRWTH,A,2017,1.463748,
DNK,MFP,TOT,AGRWTH,A,2018,1.4162,
DNK,MFP,TOT,AGRWTH,A,2019,0.422266,
DNK,MFP,TOT,AGRWTH,A,2020,-0.37771,
DNK,MFP,TOT,AGRWTH,A,2021,1.525704,
FIN,MFP,TOT,AGRWTH,A,1985,2.312728,
FIN,MFP,TOT,AGRWTH,A,1986,2.646727,
FIN,MFP,TOT,AGRWTH,A,1987,1.281613,
FIN,MFP,TOT,AGRWTH,A,1988,3.40004,
FIN,MFP,TOT,AGRWTH,A,1989,2.693016,
FIN,MFP,TOT,AGRWTH,A,1990,0.642647,
FIN,MFP,TOT,AGRWTH,A,1991,-2.050701,
FIN,MFP,TOT,AGRWTH,A,1992,0.81598,
FIN,MFP,TOT,AGRWTH,A,1993,3.080133,
FIN,MFP,TOT,AGRWTH,A,1994,3.897188,
FIN,MFP,TOT,AGRWTH,A,1995,1.838849,
FIN,MFP,TOT,AGRWTH,A,1996,1.899022,
FIN,MFP,TOT,AGRWTH,A,1997,3.17868,
FIN,MFP,TOT,AGRWTH,A,1998,3.401966,
FIN,MFP,TOT,AGRWTH,A,1999,1.886063,
FIN,MFP,TOT,AGRWTH,A,2000,3.719166,
FIN,MFP,TOT,AGRWTH,A,2001,1.235802,
FIN,MFP,TOT,AGRWTH,A,2002,0.545061,
FIN,MFP,TOT,AGRWTH,A,2003,1.357915,
FIN,MFP,TOT,AGRWTH,A,2004,2.850071,
FIN,MFP,TOT,AGRWTH,A,2005,1.439742,
FIN,MFP,TOT,AGRWTH,A,2006,2.165479,
FIN,MFP,TOT,AGRWTH,A,2007,2.841096,
FIN,MFP,TOT,AGRWTH,A,2008,-1.494582,
FIN,MFP,TOT,AGRWTH,A,2009,-6.111769,
FIN,MFP,TOT,AGRWTH,A,2010,2.942349,
FIN,MFP,TOT,AGRWTH,A,2011,1.315082,
FIN,MFP,TOT,AGRWTH,A,2012,-1.873515,
FIN,MFP,TOT,AGRWTH,A,2013,-0.153909,
FIN,MFP,TOT,AGRWTH,A,2014,-0.136037,
FIN,MFP,TOT,AGRWTH,A,2015,0.605036,
FIN,MFP,TOT,AGRWTH,A,2016,2.208902,
FIN,MFP,TOT,AGRWTH,A,2017,2.36074,
FIN,MFP,TOT,AGRWTH,A,2018,-0.967739,
FIN,MFP,TOT,AGRWTH,A,2019,-0.085247,
FIN,MFP,TOT,AGRWTH,A,2020,-0.63456,
FIN,MFP,TOT,AGRWTH,A,2021,0.85629,
FRA,MFP,TOT,AGRWTH,A,1985,2.523175,
FRA,MFP,TOT,AGRWTH,A,1986,1.291963,
FRA,MFP,TOT,AGRWTH,A,1987,0.3764,
FRA,MFP,TOT,AGRWTH,A,1988,2.404523,
FRA,MFP,TOT,AGRWTH,A,1989,2.445185,
FRA,MFP,TOT,AGRWTH,A,1990,1.184852,
FRA,MFP,TOT,AGRWTH,A,1991,-0.003636,
FRA,MFP,TOT,AGRWTH,A,1992,1.061812,
FRA,MFP,TOT,AGRWTH,A,1993,-0.340727,
FRA,MFP,TOT,AGRWTH,A,1994,1.28482,
FRA,MFP,TOT,AGRWTH,A,1995,1.542524,
FRA,MFP,TOT,AGRWTH,A,1996,0.314595,
FRA,MFP,TOT,AGRWTH,A,1997,0.934799,
FRA,MFP,TOT,AGRWTH,A,1998,1.685795,
FRA,MFP,TOT,AGRWTH,A,1999,0.749972,
FRA,MFP,TOT,AGRWTH,A,2000,1.747435,
FRA,MFP,TOT,AGRWTH,A,2001,0.716149,
FRA,MFP,TOT,AGRWTH,A,2002,1.544229,
FRA,MFP,TOT,AGRWTH,A,2003,-0.133275,
FRA,MFP,TOT,AGRWTH,A,2004,0.79245,
FRA,MFP,TOT,AGRWTH,A,2005,0.351365,
FRA,MFP,TOT,AGRWTH,A,2006,1.689137,
FRA,MFP,TOT,AGRWTH,A,2007,-0.642045,
FRA,MFP,TOT,AGRWTH,A,2008,-1.301958,
FRA,MFP,TOT,AGRWTH,A,2009,-2.003182,
FRA,MFP,TOT,AGRWTH,A,2010,0.89962,
FRA,MFP,TOT,AGRWTH,A,2011,0.748562,
FRA,MFP,TOT,AGRWTH,A,2012,-0.268625,
FRA,MFP,TOT,AGRWTH,A,2013,0.594054,
FRA,MFP,TOT,AGRWTH,A,2014,0.421814,
FRA,MFP,TOT,AGRWTH,A,2015,0.317589,
FRA,MFP,TOT,AGRWTH,A,2016,-0.111713,
FRA,MFP,TOT,AGRWTH,A,2017,1.462779,
FRA,MFP,TOT,AGRWTH,A,2018,0.073992,
FRA,MFP,TOT,AGRWTH,A,2019,0.03498,
FRA,MFP,TOT,AGRWTH,A,2020,-2.408889,
FRA,MFP,TOT,AGRWTH,A,2021,-0.039312,
DEU,MFP,TOT,AGRWTH,A,1985,1.487147,
DEU,MFP,TOT,AGRWTH,A,1986,0.903417,
DEU,MFP,TOT,AGRWTH,A,1987,0.615502,
DEU,MFP,TOT,AGRWTH,A,1988,1.984798,
DEU,MFP,TOT,AGRWTH,A,1989,2.656427,
DEU,MFP,TOT,AGRWTH,A,1990,2.908591,
DEU,MFP,TOT,AGRWTH,A,1991,2.747936,
DEU,MFP,TOT,AGRWTH,A,1992,1.331462,
DEU,MFP,TOT,AGRWTH,A,1993,0.436431,
DEU,MFP,TOT,AGRWTH,A,1994,1.839307,
DEU,MFP,TOT,AGRWTH,A,1995,0.887138,
DEU,MFP,TOT,AGRWTH,A,1996,0.793635,
DEU,MFP,TOT,AGRWTH,A,1997,1.601185,
DEU,MFP,TOT,AGRWTH,A,1998,0.528546,
DEU,MFP,TOT,AGRWTH,A,1999,0.465932,
DEU,MFP,TOT,AGRWTH,A,2000,1.612787,
DEU,MFP,TOT,AGRWTH,A,2001,1.424645,
DEU,MFP,TOT,AGRWTH,A,2002,0.017995,
DEU,MFP,TOT,AGRWTH,A,2003,-0.063064,
DEU,MFP,TOT,AGRWTH,A,2004,0.633889,
DEU,MFP,TOT,AGRWTH,A,2005,0.900672,
DEU,MFP,TOT,AGRWTH,A,2006,1.5984,
DEU,MFP,TOT,AGRWTH,A,2007,1.014054,
DEU,MFP,TOT,AGRWTH,A,2008,-0.342759,
DEU,MFP,TOT,AGRWTH,A,2009,-4.066906,
DEU,MFP,TOT,AGRWTH,A,2010,2.415872,
DEU,MFP,TOT,AGRWTH,A,2011,2.454602,
DEU,MFP,TOT,AGRWTH,A,2012,0.222315,
DEU,MFP,TOT,AGRWTH,A,2013,0.185885,
DEU,MFP,TOT,AGRWTH,A,2014,1.016825,
DEU,MFP,TOT,AGRWTH,A,2015,0.374308,
DEU,MFP,TOT,AGRWTH,A,2016,1.150906,
DEU,MFP,TOT,AGRWTH,A,2017,1.552372,
DEU,MFP,TOT,AGRWTH,A,2018,-0.062531,
DEU,MFP,TOT,AGRWTH,A,2019,0.350044,
DEU,MFP,TOT,AGRWTH,A,2020,-0.455111,
DEU,MFP,TOT,AGRWTH,A,2021,1.035986,
IRL,MFP,TOT,AGRWTH,A,1985,2.34982,
IRL,MFP,TOT,AGRWTH,A,1986,-1.812261,
IRL,MFP,TOT,AGRWTH,A,1987,4.35618,
IRL,MFP,TOT,AGRWTH,A,1988,4.136994,
IRL,MFP,TOT,AGRWTH,A,1989,4.776299,
IRL,MFP,TOT,AGRWTH,A,1990,4.371312,
IRL,MFP,TOT,AGRWTH,A,1991,2.945729,
IRL,MFP,TOT,AGRWTH,A,1992,4.043969,
IRL,MFP,TOT,AGRWTH,A,1993,2.067895,
IRL,MFP,TOT,AGRWTH,A,1994,2.452171,
IRL,MFP,TOT,AGRWTH,A,1995,4.726633,
IRL,MFP,TOT,AGRWTH,A,1996,3.395538,
IRL,MFP,TOT,AGRWTH,A,1997,6.053492,
IRL,MFP,TOT,AGRWTH,A,1998,1.612489,
IRL,MFP,TOT,AGRWTH,A,1999,3.51371,
IRL,MFP,TOT,AGRWTH,A,2000,4.140676,
IRL,MFP,TOT,AGRWTH,A,2001,1.321877,
IRL,MFP,TOT,AGRWTH,A,2002,3.535585,
IRL,MFP,TOT,AGRWTH,A,2003,0.504763,
IRL,MFP,TOT,AGRWTH,A,2004,2.692616,
IRL,MFP,TOT,AGRWTH,A,2005,-0.461633,
IRL,MFP,TOT,AGRWTH,A,2006,-0.533461,
IRL,MFP,TOT,AGRWTH,A,2007,0.426169,
IRL,MFP,TOT,AGRWTH,A,2008,-5.010227,
IRL,MFP,TOT,AGRWTH,A,2009,0.030338,
IRL,MFP,TOT,AGRWTH,A,2010,7.381863,
IRL,MFP,TOT,AGRWTH,A,2011,0.657868,
IRL,MFP,TOT,AGRWTH,A,2012,-1.258346,
IRL,MFP,TOT,AGRWTH,A,2013,-2.908313,
IRL,MFP,TOT,AGRWTH,A,2014,4.249124,
IRL,MFP,TOT,AGRWTH,A,2016,-5.374574,
IRL,MFP,TOT,AGRWTH,A,2017,2.622706,
IRL,MFP,TOT,AGRWTH,A,2018,3.826342,
IRL,MFP,TOT,AGRWTH,A,2019,-5.168375,
IRL,MFP,TOT,AGRWTH,A,2020,5.017629,
IRL,MFP,TOT,AGRWTH,A,2021,8.50786,
ITA,MFP,TOT,AGRWTH,A,1985,1.221649,
ITA,MFP,TOT,AGRWTH,A,1986,0.880614,
ITA,MFP,TOT,AGRWTH,A,1987,1.03821,
ITA,MFP,TOT,AGRWTH,A,1988,1.89592,
ITA,MFP,TOT,AGRWTH,A,1989,2.244815,
ITA,MFP,TOT,AGRWTH,A,1990,0.121334,
ITA,MFP,TOT,AGRWTH,A,1991,-0.542972,
ITA,MFP,TOT,AGRWTH,A,1992,0.415737,
ITA,MFP,TOT,AGRWTH,A,1993,0.675556,
ITA,MFP,TOT,AGRWTH,A,1994,3.041009,
ITA,MFP,TOT,AGRWTH,A,1995,2.192136,
ITA,MFP,TOT,AGRWTH,A,1996,-0.377246,
ITA,MFP,TOT,AGRWTH,A,1997,0.98559,
ITA,MFP,TOT,AGRWTH,A,1998,-0.381439,
ITA,MFP,TOT,AGRWTH,A,1999,-0.041382,
ITA,MFP,TOT,AGRWTH,A,2000,1.968967,
ITA,MFP,TOT,AGRWTH,A,2001,-0.047953,
ITA,MFP,TOT,AGRWTH,A,2002,-1.554562,
ITA,MFP,TOT,AGRWTH,A,2003,-1.317154,
ITA,MFP,TOT,AGRWTH,A,2004,0.249614,
ITA,MFP,TOT,AGRWTH,A,2005,-0.159188,
ITA,MFP,TOT,AGRWTH,A,2006,-0.389918,
ITA,MFP,TOT,AGRWTH,A,2007,-0.389988,
ITA,MFP,TOT,AGRWTH,A,2008,-1.273659,
ITA,MFP,TOT,AGRWTH,A,2009,-3.301808,
ITA,MFP,TOT,AGRWTH,A,2010,1.734964,
ITA,MFP,TOT,AGRWTH,A,2011,0.396626,
ITA,MFP,TOT,AGRWTH,A,2012,-1.402412,
ITA,MFP,TOT,AGRWTH,A,2013,-0.027719,
ITA,MFP,TOT,AGRWTH,A,2014,0.044111,
ITA,MFP,TOT,AGRWTH,A,2015,0.226499,
ITA,MFP,TOT,AGRWTH,A,2016,0.036966,
ITA,MFP,TOT,AGRWTH,A,2017,0.802494,
ITA,MFP,TOT,AGRWTH,A,2018,0.102575,
ITA,MFP,TOT,AGRWTH,A,2019,0.35067,
ITA,MFP,TOT,AGRWTH,A,2020,-0.540816,
ITA,MFP,TOT,AGRWTH,A,2021,0.78465,
JPN,MFP,TOT,AGRWTH,A,1985,3.343563,
JPN,MFP,TOT,AGRWTH,A,1986,0.931064,
JPN,MFP,TOT,AGRWTH,A,1987,2.494018,
JPN,MFP,TOT,AGRWTH,A,1988,3.769269,
JPN,MFP,TOT,AGRWTH,A,1989,2.418024,
JPN,MFP,TOT,AGRWTH,A,1990,2.842156,
JPN,MFP,TOT,AGRWTH,A,1991,1.15367,
JPN,MFP,TOT,AGRWTH,A,1992,-0.447156,
JPN,MFP,TOT,AGRWTH,A,1993,0.008567,
JPN,MFP,TOT,AGRWTH,A,1994,0.018668,
JPN,MFP,TOT,AGRWTH,A,1995,1.573011,
JPN,MFP,TOT,AGRWTH,A,1996,1.223106,
JPN,MFP,TOT,AGRWTH,A,1997,0.040797,
JPN,MFP,TOT,AGRWTH,A,1998,-0.927859,
JPN,MFP,TOT,AGRWTH,A,1999,0.525974,
JPN,MFP,TOT,AGRWTH,A,2000,1.64386,
JPN,MFP,TOT,AGRWTH,A,2001,0.060227,
JPN,MFP,TOT,AGRWTH,A,2002,0.426802,
JPN,MFP,TOT,AGRWTH,A,2003,0.799971,
JPN,MFP,TOT,AGRWTH,A,2004,1.665352,
JPN,MFP,TOT,AGRWTH,A,2005,0.951025,
JPN,MFP,TOT,AGRWTH,A,2006,-0.059517,
JPN,MFP,TOT,AGRWTH,A,2007,0.378957,
JPN,MFP,TOT,AGRWTH,A,2008,-1.06157,
JPN,MFP,TOT,AGRWTH,A,2009,-2.941543,
JPN,MFP,TOT,AGRWTH,A,2010,3.260541,
JPN,MFP,TOT,AGRWTH,A,2011,0.362265,
JPN,MFP,TOT,AGRWTH,A,2012,1.046984,
JPN,MFP,TOT,AGRWTH,A,2013,1.961779,
JPN,MFP,TOT,AGRWTH,A,2014,-0.079551,
JPN,MFP,TOT,AGRWTH,A,2015,1.5128,
JPN,MFP,TOT,AGRWTH,A,2016,0.0804,
JPN,MFP,TOT,AGRWTH,A,2017,0.894836,
JPN,MFP,TOT,AGRWTH,A,2018,0.295866,
JPN,MFP,TOT,AGRWTH,A,2019,0.392109,
JPN,MFP,TOT,AGRWTH,A,2020,-2.441166,
KOR,MFP,TOT,AGRWTH,A,1990,5.750934,
KOR,MFP,TOT,AGRWTH,A,1991,5.503134,
KOR,MFP,TOT,AGRWTH,A,1992,2.532154,
KOR,MFP,TOT,AGRWTH,A,1993,2.751757,
KOR,MFP,TOT,AGRWTH,A,1994,4.056494,
KOR,MFP,TOT,AGRWTH,A,1995,3.840811,
KOR,MFP,TOT,AGRWTH,A,1996,3.465793,
KOR,MFP,TOT,AGRWTH,A,1997,3.889817,
KOR,MFP,TOT,AGRWTH,A,1998,0.809136,
KOR,MFP,TOT,AGRWTH,A,1999,7.311485,
KOR,MFP,TOT,AGRWTH,A,2000,2.487049,
KOR,MFP,TOT,AGRWTH,A,2001,1.540566,
KOR,MFP,TOT,AGRWTH,A,2002,4.68606,
KOR,MFP,TOT,AGRWTH,A,2003,2.48398,
KOR,MFP,TOT,AGRWTH,A,2004,3.091656,
KOR,MFP,TOT,AGRWTH,A,2005,3.082357,
KOR,MFP,TOT,AGRWTH,A,2006,2.958597,
KOR,MFP,TOT,AGRWTH,A,2007,4.53197,
KOR,MFP,TOT,AGRWTH,A,2008,3.534109,
KOR,MFP,TOT,AGRWTH,A,2009,1.564445,
KOR,MFP,TOT,AGRWTH,A,2010,4.646794,
KOR,MFP,TOT,AGRWTH,A,2011,1.639372,
KOR,MFP,TOT,AGRWTH,A,2012,0.265289,
KOR,MFP,TOT,AGRWTH,A,2013,1.135071,
KOR,MFP,TOT,AGRWTH,A,2014,1.17048,
KOR,MFP,TOT,AGRWTH,A,2015,0.451057,
KOR,MFP,TOT,AGRWTH,A,2016,1.504317,
KOR,MFP,TOT,AGRWTH,A,2017,2.577885,
KOR,MFP,TOT,AGRWTH,A,2018,2.268977,
KOR,MFP,TOT,AGRWTH,A,2019,1.258427,
KOR,MFP,TOT,AGRWTH,A,2020,0.924124,
KOR,MFP,TOT,AGRWTH,A,2021,1.704254,
NLD,MFP,TOT,AGRWTH,A,1985,1.040944,
NLD,MFP,TOT,AGRWTH,A,1986,0.721761,
NLD,MFP,TOT,AGRWTH,A,1987,0.435593,
NLD,MFP,TOT,AGRWTH,A,1988,1.282546,
NLD,MFP,TOT,AGRWTH,A,1989,1.56739,
NLD,MFP,TOT,AGRWTH,A,1990,1.02367,
NLD,MFP,TOT,AGRWTH,A,1991,0.492155,
NLD,MFP,TOT,AGRWTH,A,1992,-0.587886,
NLD,MFP,TOT,AGRWTH,A,1993,0.783047,
NLD,MFP,TOT,AGRWTH,A,1994,1.425952,
NLD,MFP,TOT,AGRWTH,A,1995,-0.892331,
NLD,MFP,TOT,AGRWTH,A,1996,0.384797,
NLD,MFP,TOT,AGRWTH,A,1997,1.796229,
NLD,MFP,TOT,AGRWTH,A,1998,1.767357,
NLD,MFP,TOT,AGRWTH,A,1999,1.475975,
NLD,MFP,TOT,AGRWTH,A,2000,2.182869,
NLD,MFP,TOT,AGRWTH,A,2001,0.294757,
NLD,MFP,TOT,AGRWTH,A,2002,-0.106123,
NLD,MFP,TOT,AGRWTH,A,2003,0.40039,
NLD,MFP,TOT,AGRWTH,A,2004,1.161131,
NLD,MFP,TOT,AGRWTH,A,2005,1.580574,
NLD,MFP,TOT,AGRWTH,A,2006,1.135952,
NLD,MFP,TOT,AGRWTH,A,2007,0.2498,
NLD,MFP,TOT,AGRWTH,A,2008,0.120549,
NLD,MFP,TOT,AGRWTH,A,2009,-3.168461,
NLD,MFP,TOT,AGRWTH,A,2010,1.445383,
NLD,MFP,TOT,AGRWTH,A,2011,0.382519,
NLD,MFP,TOT,AGRWTH,A,2012,-0.802986,
NLD,MFP,TOT,AGRWTH,A,2013,-0.062534,
NLD,MFP,TOT,AGRWTH,A,2014,0.60575,
NLD,MFP,TOT,AGRWTH,A,2015,-0.26082,
NLD,MFP,TOT,AGRWTH,A,2016,0.053753,
NLD,MFP,TOT,AGRWTH,A,2017,0.822421,
NLD,MFP,TOT,AGRWTH,A,2018,0.074235,
NLD,MFP,TOT,AGRWTH,A,2019,-0.422593,
NLD,MFP,TOT,AGRWTH,A,2020,-2.188284,
NLD,MFP,TOT,AGRWTH,A,2021,1.902413,
NZL,MFP,TOT,AGRWTH,A,1987,-0.147124,
NZL,MFP,TOT,AGRWTH,A,1988,3.07736,
NZL,MFP,TOT,AGRWTH,A,1989,1.674378,
NZL,MFP,TOT,AGRWTH,A,1990,1.50941,
NZL,MFP,TOT,AGRWTH,A,1991,-2.132767,
NZL,MFP,TOT,AGRWTH,A,1992,2.491235,
NZL,MFP,TOT,AGRWTH,A,1993,2.907652,
NZL,MFP,TOT,AGRWTH,A,1994,0.842838,
NZL,MFP,TOT,AGRWTH,A,1995,0.622352,
NZL,MFP,TOT,AGRWTH,A,1996,0.079451,
NZL,MFP,TOT,AGRWTH,A,1997,2.037955,
NZL,MFP,TOT,AGRWTH,A,1998,-1.976224,
NZL,MFP,TOT,AGRWTH,A,1999,1.065635,
NZL,MFP,TOT,AGRWTH,A,2000,1.508657,
NZL,MFP,TOT,AGRWTH,A,2001,1.10776,
NZL,MFP,TOT,AGRWTH,A,2002,1.590417,
NZL,MFP,TOT,AGRWTH,A,2003,1.019171,
NZL,MFP,TOT,AGRWTH,A,2004,-1.082946,
NZL,MFP,TOT,AGRWTH,A,2005,-0.973637,
NZL,MFP,TOT,AGRWTH,A,2006,0.211045,
NZL,MFP,TOT,AGRWTH,A,2007,2.25857,
NZL,MFP,TOT,AGRWTH,A,2008,-3.888022,
NZL,MFP,TOT,AGRWTH,A,2009,3.342918,
NZL,MFP,TOT,AGRWTH,A,2010,-1.418112,
NZL,MFP,TOT,AGRWTH,A,2011,1.021633,
NZL,MFP,TOT,AGRWTH,A,2012,2.330684,
NZL,MFP,TOT,AGRWTH,A,2013,-2.108151,
NZL,MFP,TOT,AGRWTH,A,2014,-0.292877,
NZL,MFP,TOT,AGRWTH,A,2015,1.908103,
NZL,MFP,TOT,AGRWTH,A,2016,-0.719882,
NZL,MFP,TOT,AGRWTH,A,2017,0.185464,
NZL,MFP,TOT,AGRWTH,A,2018,1.702379,
NZL,MFP,TOT,AGRWTH,A,2019,-0.945548,
NZL,MFP,TOT,AGRWTH,A,2020,-0.000397,
NZL,MFP,TOT,AGRWTH,A,2021,1.073758,
PRT,MFP,TOT,AGRWTH,A,1985,3.03347,
PRT,MFP,TOT,AGRWTH,A,1986,3.934401,
PRT,MFP,TOT,AGRWTH,A,1987,3.036261,
PRT,MFP,TOT,AGRWTH,A,1988,4.62811,
PRT,MFP,TOT,AGRWTH,A,1989,3.081138,
PRT,MFP,TOT,AGRWTH,A,1990,1.61543,
PRT,MFP,TOT,AGRWTH,A,1991,3.474974,
PRT,MFP,TOT,AGRWTH,A,1992,1.483192,
PRT,MFP,TOT,AGRWTH,A,1993,-1.61826,
PRT,MFP,TOT,AGRWTH,A,1994,-0.382882,
PRT,MFP,TOT,AGRWTH,A,1995,0.964207,
PRT,MFP,TOT,AGRWTH,A,1996,0.97636,
PRT,MFP,TOT,AGRWTH,A,1997,1.127474,
PRT,MFP,TOT,AGRWTH,A,1998,0.177569,
PRT,MFP,TOT,AGRWTH,A,1999,0.748879,
PRT,MFP,TOT,AGRWTH,A,2000,-0.152835,
PRT,MFP,TOT,AGRWTH,A,2001,-0.428952,
PRT,MFP,TOT,AGRWTH,A,2002,-0.714805,
PRT,MFP,TOT,AGRWTH,A,2003,-1.187435,
PRT,MFP,TOT,AGRWTH,A,2004,0.842241,
PRT,MFP,TOT,AGRWTH,A,2005,-0.112354,
PRT,MFP,TOT,AGRWTH,A,2006,0.65732,
PRT,MFP,TOT,AGRWTH,A,2007,0.567913,
PRT,MFP,TOT,AGRWTH,A,2008,-0.733906,
PRT,MFP,TOT,AGRWTH,A,2009,-2.217531,
PRT,MFP,TOT,AGRWTH,A,2010,1.613217,
PRT,MFP,TOT,AGRWTH,A,2011,-0.145326,
PRT,MFP,TOT,AGRWTH,A,2012,-0.923711,
PRT,MFP,TOT,AGRWTH,A,2013,0.493584,
PRT,MFP,TOT,AGRWTH,A,2014,-0.687365,
PRT,MFP,TOT,AGRWTH,A,2015,0.236296,
PRT,MFP,TOT,AGRWTH,A,2016,0.333994,
PRT,MFP,TOT,AGRWTH,A,2017,1.05096,
PRT,MFP,TOT,AGRWTH,A,2018,0.07938,
PRT,MFP,TOT,AGRWTH,A,2019,1.126374,
PRT,MFP,TOT,AGRWTH,A,2020,-2.043349,
ESP,MFP,TOT,AGRWTH,A,1985,2.848579,
ESP,MFP,TOT,AGRWTH,A,1986,0.98475,
ESP,MFP,TOT,AGRWTH,A,1987,1.133969,
ESP,MFP,TOT,AGRWTH,A,1988,1.25365,
ESP,MFP,TOT,AGRWTH,A,1989,1.034278,
ESP,MFP,TOT,AGRWTH,A,1990,-0.648629,
ESP,MFP,TOT,AGRWTH,A,1991,-0.11581,
ESP,MFP,TOT,AGRWTH,A,1992,1.248846,
ESP,MFP,TOT,AGRWTH,A,1993,0.821845,
ESP,MFP,TOT,AGRWTH,A,1994,1.991162,
ESP,MFP,TOT,AGRWTH,A,1995,0.34205,
ESP,MFP,TOT,AGRWTH,A,1996,0.492521,
ESP,MFP,TOT,AGRWTH,A,1997,-0.360345,
ESP,MFP,TOT,AGRWTH,A,1998,-0.624421,
ESP,MFP,TOT,AGRWTH,A,1999,-0.656576,
ESP,MFP,TOT,AGRWTH,A,2000,0.167599,
ESP,MFP,TOT,AGRWTH,A,2001,-0.289911,
ESP,MFP,TOT,AGRWTH,A,2002,-0.481971,
ESP,MFP,TOT,AGRWTH,A,2003,-0.362898,
ESP,MFP,TOT,AGRWTH,A,2004,-0.312154,
ESP,MFP,TOT,AGRWTH,A,2005,-0.167079,
ESP,MFP,TOT,AGRWTH,A,2006,0.001982,
ESP,MFP,TOT,AGRWTH,A,2007,0.20235,
ESP,MFP,TOT,AGRWTH,A,2008,-0.97128,
ESP,MFP,TOT,AGRWTH,A,2009,-0.256946,
ESP,MFP,TOT,AGRWTH,A,2010,0.876885,
ESP,MFP,TOT,AGRWTH,A,2011,-0.011417,
ESP,MFP,TOT,AGRWTH,A,2012,-0.26782,
ESP,MFP,TOT,AGRWTH,A,2013,0.025753,
ESP,MFP,TOT,AGRWTH,A,2014,0.172636,
ESP,MFP,TOT,AGRWTH,A,2015,1.14995,
ESP,MFP,TOT,AGRWTH,A,2016,0.667519,
ESP,MFP,TOT,AGRWTH,A,2017,0.929364,
ESP,MFP,TOT,AGRWTH,A,2018,-0.017095,
ESP,MFP,TOT,AGRWTH,A,2019,0.484925,
ESP,MFP,TOT,AGRWTH,A,2020,-3.648186,
SWE,MFP,TOT,AGRWTH,A,1985,-0.301896,
SWE,MFP,TOT,AGRWTH,A,1986,0.853779,
SWE,MFP,TOT,AGRWTH,A,1987,0.737632,
SWE,MFP,TOT,AGRWTH,A,1988,-0.913474,
SWE,MFP,TOT,AGRWTH,A,1989,-0.149061,
SWE,MFP,TOT,AGRWTH,A,1990,-1.305258,
SWE,MFP,TOT,AGRWTH,A,1991,-0.691082,
SWE,MFP,TOT,AGRWTH,A,1992,0.268252,
SWE,MFP,TOT,AGRWTH,A,1993,-0.049678,
SWE,MFP,TOT,AGRWTH,A,1994,2.004251,
SWE,MFP,TOT,AGRWTH,A,1995,1.312041,
SWE,MFP,TOT,AGRWTH,A,1996,0.395282,
SWE,MFP,TOT,AGRWTH,A,1997,2.489839,
SWE,MFP,TOT,AGRWTH,A,1998,1.549039,
SWE,MFP,TOT,AGRWTH,A,1999,0.632528,
SWE,MFP,TOT,AGRWTH,A,2000,2.016595,
SWE,MFP,TOT,AGRWTH,A,2001,-0.484142,
SWE,MFP,TOT,AGRWTH,A,2002,2.10232,
SWE,MFP,TOT,AGRWTH,A,2003,2.116732,
SWE,MFP,TOT,AGRWTH,A,2004,2.581339,
SWE,MFP,TOT,AGRWTH,A,2005,1.592531,
SWE,MFP,TOT,AGRWTH,A,2006,2.136695,
SWE,MFP,TOT,AGRWTH,A,2007,-0.007848,
SWE,MFP,TOT,AGRWTH,A,2008,-2.515037,
SWE,MFP,TOT,AGRWTH,A,2009,-2.847551,
SWE,MFP,TOT,AGRWTH,A,2010,3.563408,
SWE,MFP,TOT,AGRWTH,A,2011,0.719562,
SWE,MFP,TOT,AGRWTH,A,2012,-1.229932,
SWE,MFP,TOT,AGRWTH,A,2013,0.251046,
SWE,MFP,TOT,AGRWTH,A,2014,0.880442,
SWE,MFP,TOT,AGRWTH,A,2015,2.26446,
SWE,MFP,TOT,AGRWTH,A,2016,-0.761459,
SWE,MFP,TOT,AGRWTH,A,2017,0.207013,
SWE,MFP,TOT,AGRWTH,A,2018,-0.170092,
SWE,MFP,TOT,AGRWTH,A,2019,1.32688,
SWE,MFP,TOT,AGRWTH,A,2020,-0.891851,
SWE,MFP,TOT,AGRWTH,A,2021,1.99762,
CHE,MFP,TOT,AGRWTH,A,1992,-0.72992,
CHE,MFP,TOT,AGRWTH,A,1993,-0.565843,
CHE,MFP,TOT,AGRWTH,A,1994,-0.238464,
CHE,MFP,TOT,AGRWTH,A,1995,0.131922,
CHE,MFP,TOT,AGRWTH,A,1996,0.452851,
CHE,MFP,TOT,AGRWTH,A,1997,1.456153,
CHE,MFP,TOT,AGRWTH,A,1998,0.17312,
CHE,MFP,TOT,AGRWTH,A,1999,-1.456939,
CHE,MFP,TOT,AGRWTH,A,2000,1.839389,
CHE,MFP,TOT,AGRWTH,A,2001,0.674958,
CHE,MFP,TOT,AGRWTH,A,2002,-0.958595,
CHE,MFP,TOT,AGRWTH,A,2003,-1.347391,
CHE,MFP,TOT,AGRWTH,A,2004,0.139748,
CHE,MFP,TOT,AGRWTH,A,2005,1.360533,
CHE,MFP,TOT,AGRWTH,A,2006,1.714832,
CHE,MFP,TOT,AGRWTH,A,2007,1.071317,
CHE,MFP,TOT,AGRWTH,A,2008,0.196474,
CHE,MFP,TOT,AGRWTH,A,2009,-3.17309,
CHE,MFP,TOT,AGRWTH,A,2010,2.046662,
CHE,MFP,TOT,AGRWTH,A,2011,-0.59951,
CHE,MFP,TOT,AGRWTH,A,2012,-0.250265,
CHE,MFP,TOT,AGRWTH,A,2013,1.032266,
CHE,MFP,TOT,AGRWTH,A,2014,0.648696,
CHE,MFP,TOT,AGRWTH,A,2015,-0.711525,
CHE,MFP,TOT,AGRWTH,A,2016,0.371111,
CHE,MFP,TOT,AGRWTH,A,2017,0.761941,
CHE,MFP,TOT,AGRWTH,A,2018,1.823242,
CHE,MFP,TOT,AGRWTH,A,2019,0.151942,
CHE,MFP,TOT,AGRWTH,A,2020,-0.278579,
CHE,MFP,TOT,AGRWTH,A,2021,1.527221,
GBR,MFP,TOT,AGRWTH,A,1985,0.969924,
GBR,MFP,TOT,AGRWTH,A,1986,1.875418,
GBR,MFP,TOT,AGRWTH,A,1987,3.004383,
GBR,MFP,TOT,AGRWTH,A,1988,-0.103626,
GBR,MFP,TOT,AGRWTH,A,1989,-0.516178,
GBR,MFP,TOT,AGRWTH,A,1990,-0.565236,
GBR,MFP,TOT,AGRWTH,A,1991,-0.426082,
GBR,MFP,TOT,AGRWTH,A,1992,1.779213,
GBR,MFP,TOT,AGRWTH,A,1993,1.966099,
GBR,MFP,TOT,AGRWTH,A,1994,1.379049,
GBR,MFP,TOT,AGRWTH,A,1995,0.27248,
GBR,MFP,TOT,AGRWTH,A,1996,0.265069,
GBR,MFP,TOT,AGRWTH,A,1997,2.815157,
GBR,MFP,TOT,AGRWTH,A,1998,2.175363,
GBR,MFP,TOT,AGRWTH,A,1999,1.955072,
GBR,MFP,TOT,AGRWTH,A,2000,3.14039,
GBR,MFP,TOT,AGRWTH,A,2001,0.595464,
GBR,MFP,TOT,AGRWTH,A,2002,1.478791,
GBR,MFP,TOT,AGRWTH,A,2003,2.206464,
GBR,MFP,TOT,AGRWTH,A,2004,0.977085,
GBR,MFP,TOT,AGRWTH,A,2005,0.645585,
GBR,MFP,TOT,AGRWTH,A,2006,1.155519,
GBR,MFP,TOT,AGRWTH,A,2007,0.967387,
GBR,MFP,TOT,AGRWTH,A,2008,-0.627325,
GBR,MFP,TOT,AGRWTH,A,2009,-3.437848,
GBR,MFP,TOT,AGRWTH,A,2010,2.024335,
GBR,MFP,TOT,AGRWTH,A,2011,-0.336426,
GBR,MFP,TOT,AGRWTH,A,2012,-0.766137,
GBR,MFP,TOT,AGRWTH,A,2013,0.2238,
GBR,MFP,TOT,AGRWTH,A,2014,0.298844,
GBR,MFP,TOT,AGRWTH,A,2015,1.293405,
GBR,MFP,TOT,AGRWTH,A,2016,-0.454038,
GBR,MFP,TOT,AGRWTH,A,2017,1.329014,
GBR,MFP,TOT,AGRWTH,A,2018,0.165852,
GBR,MFP,TOT,AGRWTH,A,2019,0.169135,
GBR,MFP,TOT,AGRWTH,A,2020,-2.313691,
GBR,MFP,TOT,AGRWTH,A,2021,-0.082925,
USA,MFP,TOT,AGRWTH,A,1985,0.975118,
USA,MFP,TOT,AGRWTH,A,1986,1.238229,
USA,MFP,TOT,AGRWTH,A,1987,0.228399,
USA,MFP,TOT,AGRWTH,A,1988,0.78668,
USA,MFP,TOT,AGRWTH,A,1989,0.435457,
USA,MFP,TOT,AGRWTH,A,1990,0.666502,
USA,MFP,TOT,AGRWTH,A,1991,0.031023,
USA,MFP,TOT,AGRWTH,A,1992,2.561176,
USA,MFP,TOT,AGRWTH,A,1993,0.161483,
USA,MFP,TOT,AGRWTH,A,1994,0.790765,
USA,MFP,TOT,AGRWTH,A,1995,-0.129126,
USA,MFP,TOT,AGRWTH,A,1996,1.665278,
USA,MFP,TOT,AGRWTH,A,1997,0.859565,
USA,MFP,TOT,AGRWTH,A,1998,1.312172,
USA,MFP,TOT,AGRWTH,A,1999,1.786441,
USA,MFP,TOT,AGRWTH,A,2000,1.503881,
USA,MFP,TOT,AGRWTH,A,2001,0.705804,
USA,MFP,TOT,AGRWTH,A,2002,1.616115,
USA,MFP,TOT,AGRWTH,A,2003,2.125157,
USA,MFP,TOT,AGRWTH,A,2004,1.991464,
USA,MFP,TOT,AGRWTH,A,2005,1.419671,
USA,MFP,TOT,AGRWTH,A,2006,0.326555,
USA,MFP,TOT,AGRWTH,A,2007,0.513791,
USA,MFP,TOT,AGRWTH,A,2008,0.098244,
USA,MFP,TOT,AGRWTH,A,2009,1.083466,
USA,MFP,TOT,AGRWTH,A,2010,2.01038,
USA,MFP,TOT,AGRWTH,A,2011,-0.217772,
USA,MFP,TOT,AGRWTH,A,2012,0.15086,
USA,MFP,TOT,AGRWTH,A,2013,0.075356,
USA,MFP,TOT,AGRWTH,A,2014,0.147509,
USA,MFP,TOT,AGRWTH,A,2015,0.443665,
USA,MFP,TOT,AGRWTH,A,2016,0.018943,
USA,MFP,TOT,AGRWTH,A,2017,0.580867,
USA,MFP,TOT,AGRWTH,A,2018,0.821393,
USA,MFP,TOT,AGRWTH,A,2019,0.6943,
USA,MFP,TOT,AGRWTH,A,2020,1.011664,
USA,MFP,TOT,AGRWTH,A,2021,1.601869,
GRC,MFP,TOT,AGRWTH,A,1990,-0.746807,
GRC,MFP,TOT,AGRWTH,A,1991,2.687667,
GRC,MFP,TOT,AGRWTH,A,1992,-1.99606,
GRC,MFP,TOT,AGRWTH,A,1993,-3.535831,
GRC,MFP,TOT,AGRWTH,A,1994,1.181266,
GRC,MFP,TOT,AGRWTH,A,1995,1.362999,
GRC,MFP,TOT,AGRWTH,A,1996,2.340591,
GRC,MFP,TOT,AGRWTH,A,1997,3.623319,
GRC,MFP,TOT,AGRWTH,A,1998,-1.020507,
GRC,MFP,TOT,AGRWTH,A,1999,1.522954,
GRC,MFP,TOT,AGRWTH,A,2000,1.763869,
GRC,MFP,TOT,AGRWTH,A,2001,2.244093,
GRC,MFP,TOT,AGRWTH,A,2002,0.69567,
GRC,MFP,TOT,AGRWTH,A,2003,2.920524,
GRC,MFP,TOT,AGRWTH,A,2004,1.988168,
GRC,MFP,TOT,AGRWTH,A,2005,-3.055389,
GRC,MFP,TOT,AGRWTH,A,2006,3.067464,
GRC,MFP,TOT,AGRWTH,A,2007,0.952257,
GRC,MFP,TOT,AGRWTH,A,2008,-2.657721,
GRC,MFP,TOT,AGRWTH,A,2009,-4.2508,
GRC,MFP,TOT,AGRWTH,A,2010,-2.377777,
GRC,MFP,TOT,AGRWTH,A,2011,-8.190217,
GRC,MFP,TOT,AGRWTH,A,2012,-4.673156,
GRC,MFP,TOT,AGRWTH,A,2013,-1.630706,
GRC,MFP,TOT,AGRWTH,A,2014,0.761586,
GRC,MFP,TOT,AGRWTH,A,2015,2.256652,
GRC,MFP,TOT,AGRWTH,A,2016,-1.981677,
GRC,MFP,TOT,AGRWTH,A,2017,1.634778,
GRC,MFP,TOT,AGRWTH,A,2018,1.001182,
GRC,MFP,TOT,AGRWTH,A,2019,1.577618,
LUX,MFP,TOT,AGRWTH,A,1996,-0.418792,
LUX,MFP,TOT,AGRWTH,A,1997,0.965672,
LUX,MFP,TOT,AGRWTH,A,1998,1.851087,
LUX,MFP,TOT,AGRWTH,A,1999,2.535694,
LUX,MFP,TOT,AGRWTH,A,2000,0.788629,
LUX,MFP,TOT,AGRWTH,A,2001,-2.367196,
LUX,MFP,TOT,AGRWTH,A,2002,0.244769,
LUX,MFP,TOT,AGRWTH,A,2003,0.22426,
LUX,MFP,TOT,AGRWTH,A,2004,1.276252,
LUX,MFP,TOT,AGRWTH,A,2005,0.514671,
LUX,MFP,TOT,AGRWTH,A,2006,2.089876,
LUX,MFP,TOT,AGRWTH,A,2007,2.620112,
LUX,MFP,TOT,AGRWTH,A,2008,-5.244168,
LUX,MFP,TOT,AGRWTH,A,2009,-1.577097,
LUX,MFP,TOT,AGRWTH,A,2010,1.305859,
LUX,MFP,TOT,AGRWTH,A,2011,-2.211367,
LUX,MFP,TOT,AGRWTH,A,2012,-1.052574,
LUX,MFP,TOT,AGRWTH,A,2013,1.176853,
LUX,MFP,TOT,AGRWTH,A,2014,-0.613534,
LUX,MFP,TOT,AGRWTH,A,2015,-0.813194,
LUX,MFP,TOT,AGRWTH,A,2016,1.963629,
LUX,MFP,TOT,AGRWTH,A,2017,-1.682334,
LUX,MFP,TOT,AGRWTH,A,2018,-1.682219,
LUX,MFP,TOT,AGRWTH,A,2019,-0.780439,
LUX,MFP,TOT,AGRWTH,A,2020,1.872805,
NOR,MFP,TOT,AGRWTH,A,1990,2.551836,
NOR,MFP,TOT,AGRWTH,A,1991,3.530521,
NOR,MFP,TOT,AGRWTH,A,1992,3.125339,
NOR,MFP,TOT,AGRWTH,A,1993,2.257892,
NOR,MFP,TOT,AGRWTH,A,1994,3.745352,
NOR,MFP,TOT,AGRWTH,A,1995,2.980337,
NOR,MFP,TOT,AGRWTH,A,1996,3.003227,
NOR,MFP,TOT,AGRWTH,A,1997,2.162635,
NOR,MFP,TOT,AGRWTH,A,1998,-0.624452,
NOR,MFP,TOT,AGRWTH,A,1999,0.14228,
NOR,MFP,TOT,AGRWTH,A,2000,2.478449,
NOR,MFP,TOT,AGRWTH,A,2001,2.122872,
NOR,MFP,TOT,AGRWTH,A,2002,0.981454,
NOR,MFP,TOT,AGRWTH,A,2003,1.703828,
NOR,MFP,TOT,AGRWTH,A,2004,1.42646,
NOR,MFP,TOT,AGRWTH,A,2005,0.4169,
NOR,MFP,TOT,AGRWTH,A,2006,-1.132696,
NOR,MFP,TOT,AGRWTH,A,2007,-1.982294,
NOR,MFP,TOT,AGRWTH,A,2008,-3.698017,
NOR,MFP,TOT,AGRWTH,A,2009,-1.355699,
NOR,MFP,TOT,AGRWTH,A,2010,-0.413002,
NOR,MFP,TOT,AGRWTH,A,2011,-1.172009,
NOR,MFP,TOT,AGRWTH,A,2012,0.588001,
NOR,MFP,TOT,AGRWTH,A,2013,-0.068697,
NOR,MFP,TOT,AGRWTH,A,2014,0.352991,
NOR,MFP,TOT,AGRWTH,A,2015,1.013837,
NOR,MFP,TOT,AGRWTH,A,2016,0.07149,
NOR,MFP,TOT,AGRWTH,A,2017,1.28845,
NOR,MFP,TOT,AGRWTH,A,2018,-0.830298,
NOR,MFP,TOT,AGRWTH,A,2019,-1.337949,
NOR,MFP,TOT,AGRWTH,A,2020,-0.006398,
AUS,MFP,TOT,IDX2015,A,1985,82.529358,
AUS,MFP,TOT,IDX2015,A,1986,81.924276,
AUS,MFP,TOT,IDX2015,A,1987,83.233799,
AUS,MFP,TOT,IDX2015,A,1988,82.653791,
AUS,MFP,TOT,IDX2015,A,1989,82.405364,
AUS,MFP,TOT,IDX2015,A,1990,82.204921,
AUS,MFP,TOT,IDX2015,A,1991,82.7907,
AUS,MFP,TOT,IDX2015,A,1992,84.680485,
AUS,MFP,TOT,IDX2015,A,1993,84.98701,
AUS,MFP,TOT,IDX2015,A,1994,85.116753,
AUS,MFP,TOT,IDX2015,A,1995,86.83011,
AUS,MFP,TOT,IDX2015,A,1996,88.841917,
AUS,MFP,TOT,IDX2015,A,1997,90.905185,
AUS,MFP,TOT,IDX2015,A,1998,93.042717,
AUS,MFP,TOT,IDX2015,A,1999,93.398603,
AUS,MFP,TOT,IDX2015,A,2000,93.496313,
AUS,MFP,TOT,IDX2015,A,2001,95.72232,
AUS,MFP,TOT,IDX2015,A,2002,96.255412,
AUS,MFP,TOT,IDX2015,A,2003,97.645462,
AUS,MFP,TOT,IDX2015,A,2004,96.856993,
AUS,MFP,TOT,IDX2015,A,2005,96.332331,
AUS,MFP,TOT,IDX2015,A,2006,96.242805,
AUS,MFP,TOT,IDX2015,A,2007,96.372944,
AUS,MFP,TOT,IDX2015,A,2008,97.756928,
AUS,MFP,TOT,IDX2015,A,2009,96.350026,
AUS,MFP,TOT,IDX2015,A,2010,96.647562,
AUS,MFP,TOT,IDX2015,A,2011,96.863105,
AUS,MFP,TOT,IDX2015,A,2012,97.637393,
AUS,MFP,TOT,IDX2015,A,2013,98.308507,
AUS,MFP,TOT,IDX2015,A,2014,98.228414,
AUS,MFP,TOT,IDX2015,A,2015,100,
AUS,MFP,TOT,IDX2015,A,2016,99.80651,
AUS,MFP,TOT,IDX2015,A,2017,100.7188,
AUS,MFP,TOT,IDX2015,A,2018,100.691129,
AUS,MFP,TOT,IDX2015,A,2019,101.00183,
AUS,MFP,TOT,IDX2015,A,2020,102.382097,
AUS,MFP,TOT,IDX2015,A,2021,103.574274,
AUT,MFP,TOT,IDX2015,A,1996,88.869379,
AUT,MFP,TOT,IDX2015,A,1997,89.113966,
AUT,MFP,TOT,IDX2015,A,1998,91.404598,
AUT,MFP,TOT,IDX2015,A,1999,92.336973,
AUT,MFP,TOT,IDX2015,A,2000,93.564199,
AUT,MFP,TOT,IDX2015,A,2001,93.512462,
AUT,MFP,TOT,IDX2015,A,2002,94.114121,
AUT,MFP,TOT,IDX2015,A,2003,93.918582,
AUT,MFP,TOT,IDX2015,A,2004,95.069064,
AUT,MFP,TOT,IDX2015,A,2005,96.613053,
AUT,MFP,TOT,IDX2015,A,2006,98.609415,
AUT,MFP,TOT,IDX2015,A,2007,100.603828,
AUT,MFP,TOT,IDX2015,A,2008,100.148803,
AUT,MFP,TOT,IDX2015,A,2009,97.983095,
AUT,MFP,TOT,IDX2015,A,2010,98.908379,
AUT,MFP,TOT,IDX2015,A,2011,99.593207,
AUT,MFP,TOT,IDX2015,A,2012,99.848443,
AUT,MFP,TOT,IDX2015,A,2013,99.559574,
AUT,MFP,TOT,IDX2015,A,2014,99.392081,
AUT,MFP,TOT,IDX2015,A,2015,100,
AUT,MFP,TOT,IDX2015,A,2016,99.68065,
AUT,MFP,TOT,IDX2015,A,2017,100.401289,
AUT,MFP,TOT,IDX2015,A,2018,100.539874,
AUT,MFP,TOT,IDX2015,A,2019,99.949848,
AUT,MFP,TOT,IDX2015,A,2020,99.183973,
AUT,MFP,TOT,IDX2015,A,2021,99.246575,
BEL,MFP,TOT,IDX2015,A,1985,87.915658,
BEL,MFP,TOT,IDX2015,A,1986,88.649662,
BEL,MFP,TOT,IDX2015,A,1987,89.659762,
BEL,MFP,TOT,IDX2015,A,1988,91.810839,
BEL,MFP,TOT,IDX2015,A,1989,92.891059,
BEL,MFP,TOT,IDX2015,A,1990,93.022582,
BEL,MFP,TOT,IDX2015,A,1991,94.790102,
BEL,MFP,TOT,IDX2015,A,1992,96.125729,
BEL,MFP,TOT,IDX2015,A,1993,96.343958,
BEL,MFP,TOT,IDX2015,A,1994,98.462364,
BEL,MFP,TOT,IDX2015,A,1995,97.781406,
BEL,MFP,TOT,IDX2015,A,1996,97.55083,
BEL,MFP,TOT,IDX2015,A,1997,99.004774,
BEL,MFP,TOT,IDX2015,A,1998,98.625061,
BEL,MFP,TOT,IDX2015,A,1999,99.609116,
BEL,MFP,TOT,IDX2015,A,2000,99.588252,
BEL,MFP,TOT,IDX2015,A,2001,98.498161,
BEL,MFP,TOT,IDX2015,A,2002,98.170429,
BEL,MFP,TOT,IDX2015,A,2003,97.961564,
BEL,MFP,TOT,IDX2015,A,2004,100.055547,
BEL,MFP,TOT,IDX2015,A,2005,100.565873,
BEL,MFP,TOT,IDX2015,A,2006,100.491514,
BEL,MFP,TOT,IDX2015,A,2007,101.602543,
BEL,MFP,TOT,IDX2015,A,2008,100.116433,
BEL,MFP,TOT,IDX2015,A,2009,98.234784,
BEL,MFP,TOT,IDX2015,A,2010,99.248776,
BEL,MFP,TOT,IDX2015,A,2011,98.328667,
BEL,MFP,TOT,IDX2015,A,2012,98.168774,
BEL,MFP,TOT,IDX2015,A,2013,98.321997,
BEL,MFP,TOT,IDX2015,A,2014,99.093227,
BEL,MFP,TOT,IDX2015,A,2015,100,
BEL,MFP,TOT,IDX2015,A,2016,99.63387,
BEL,MFP,TOT,IDX2015,A,2017,99.148556,
BEL,MFP,TOT,IDX2015,A,2018,99.02624,
BEL,MFP,TOT,IDX2015,A,2019,99.385924,
BEL,MFP,TOT,IDX2015,A,2020,99.599378,
BEL,MFP,TOT,IDX2015,A,2021,99.554554,
CAN,MFP,TOT,IDX2015,A,1985,86.831804,
CAN,MFP,TOT,IDX2015,A,1986,85.987998,
CAN,MFP,TOT,IDX2015,A,1987,86.389805,
CAN,MFP,TOT,IDX2015,A,1988,87.000751,
CAN,MFP,TOT,IDX2015,A,1989,86.704247,
CAN,MFP,TOT,IDX2015,A,1990,85.784672,
CAN,MFP,TOT,IDX2015,A,1991,85.013934,
CAN,MFP,TOT,IDX2015,A,1992,85.885021,
CAN,MFP,TOT,IDX2015,A,1993,87.195322,
CAN,MFP,TOT,IDX2015,A,1994,88.810074,
CAN,MFP,TOT,IDX2015,A,1995,89.540871,
CAN,MFP,TOT,IDX2015,A,1996,89.024555,
CAN,MFP,TOT,IDX2015,A,1997,90.122343,
CAN,MFP,TOT,IDX2015,A,1998,91.222383,
CAN,MFP,TOT,IDX2015,A,1999,93.061306,
CAN,MFP,TOT,IDX2015,A,2000,95.33587,
CAN,MFP,TOT,IDX2015,A,2001,95.811979,
CAN,MFP,TOT,IDX2015,A,2002,96.860628,
CAN,MFP,TOT,IDX2015,A,2003,96.566128,
CAN,MFP,TOT,IDX2015,A,2004,96.911688,
CAN,MFP,TOT,IDX2015,A,2005,98.077646,
CAN,MFP,TOT,IDX2015,A,2006,98.427353,
CAN,MFP,TOT,IDX2015,A,2007,97.816529,
CAN,MFP,TOT,IDX2015,A,2008,96.867983,
CAN,MFP,TOT,IDX2015,A,2009,95.818128,
CAN,MFP,TOT,IDX2015,A,2010,96.631772,
CAN,MFP,TOT,IDX2015,A,2011,97.899718,
CAN,MFP,TOT,IDX2015,A,2012,97.536452,
CAN,MFP,TOT,IDX2015,A,2013,98.440323,
CAN,MFP,TOT,IDX2015,A,2014,100.491518,
CAN,MFP,TOT,IDX2015,A,2015,100,
CAN,MFP,TOT,IDX2015,A,2016,100.406248,
CAN,MFP,TOT,IDX2015,A,2017,101.935635,
CAN,MFP,TOT,IDX2015,A,2018,102.341707,
CAN,MFP,TOT,IDX2015,A,2019,102.77605,
CAN,MFP,TOT,IDX2015,A,2020,106.332288,
CAN,MFP,TOT,IDX2015,A,2021,103.51272,
DNK,MFP,TOT,IDX2015,A,1985,86.541146,
DNK,MFP,TOT,IDX2015,A,1986,87.593961,
DNK,MFP,TOT,IDX2015,A,1987,87.524033,
DNK,MFP,TOT,IDX2015,A,1988,87.612851,
DNK,MFP,TOT,IDX2015,A,1989,87.842433,
DNK,MFP,TOT,IDX2015,A,1990,88.881121,
DNK,MFP,TOT,IDX2015,A,1991,89.769308,
DNK,MFP,TOT,IDX2015,A,1992,90.396873,
DNK,MFP,TOT,IDX2015,A,1993,90.714886,
DNK,MFP,TOT,IDX2015,A,1994,95.030853,
DNK,MFP,TOT,IDX2015,A,1995,95.651481,
DNK,MFP,TOT,IDX2015,A,1996,96.815704,
DNK,MFP,TOT,IDX2015,A,1997,96.745858,
DNK,MFP,TOT,IDX2015,A,1998,95.780138,
DNK,MFP,TOT,IDX2015,A,1999,95.904687,
DNK,MFP,TOT,IDX2015,A,2000,97.197352,
DNK,MFP,TOT,IDX2015,A,2001,96.017723,
DNK,MFP,TOT,IDX2015,A,2002,95.646204,
DNK,MFP,TOT,IDX2015,A,2003,95.9507,
DNK,MFP,TOT,IDX2015,A,2004,97.882878,
DNK,MFP,TOT,IDX2015,A,2005,98.579511,
DNK,MFP,TOT,IDX2015,A,2006,99.391315,
DNK,MFP,TOT,IDX2015,A,2007,98.716479,
DNK,MFP,TOT,IDX2015,A,2008,96.506081,
DNK,MFP,TOT,IDX2015,A,2009,93.739352,
DNK,MFP,TOT,IDX2015,A,2010,96.193837,
DNK,MFP,TOT,IDX2015,A,2011,96.444804,
DNK,MFP,TOT,IDX2015,A,2012,97.380899,
DNK,MFP,TOT,IDX2015,A,2013,97.759066,
DNK,MFP,TOT,IDX2015,A,2014,98.846449,
DNK,MFP,TOT,IDX2015,A,2015,100,
DNK,MFP,TOT,IDX2015,A,2016,101.084126,
DNK,MFP,TOT,IDX2015,A,2017,102.563743,
DNK,MFP,TOT,IDX2015,A,2018,104.016251,
DNK,MFP,TOT,IDX2015,A,2019,104.455476,
DNK,MFP,TOT,IDX2015,A,2020,104.060938,
DNK,MFP,TOT,IDX2015,A,2021,105.6486,
FIN,MFP,TOT,IDX2015,A,1985,67.744444,
FIN,MFP,TOT,IDX2015,A,1986,69.537455,
FIN,MFP,TOT,IDX2015,A,1987,70.428656,
FIN,MFP,TOT,IDX2015,A,1988,72.823258,
FIN,MFP,TOT,IDX2015,A,1989,74.7844,
FIN,MFP,TOT,IDX2015,A,1990,75.265,
FIN,MFP,TOT,IDX2015,A,1991,73.72154,
FIN,MFP,TOT,IDX2015,A,1992,74.323093,
FIN,MFP,TOT,IDX2015,A,1993,76.612343,
FIN,MFP,TOT,IDX2015,A,1994,79.59807,
FIN,MFP,TOT,IDX2015,A,1995,81.061758,
FIN,MFP,TOT,IDX2015,A,1996,82.601139,
FIN,MFP,TOT,IDX2015,A,1997,85.226765,
FIN,MFP,TOT,IDX2015,A,1998,88.12615,
FIN,MFP,TOT,IDX2015,A,1999,89.788265,
FIN,MFP,TOT,IDX2015,A,2000,93.127639,
FIN,MFP,TOT,IDX2015,A,2001,94.278513,
FIN,MFP,TOT,IDX2015,A,2002,94.792388,
FIN,MFP,TOT,IDX2015,A,2003,96.079588,
FIN,MFP,TOT,IDX2015,A,2004,98.817924,
FIN,MFP,TOT,IDX2015,A,2005,100.240647,
FIN,MFP,TOT,IDX2015,A,2006,102.411337,
FIN,MFP,TOT,IDX2015,A,2007,105.320941,
FIN,MFP,TOT,IDX2015,A,2008,103.746833,
FIN,MFP,TOT,IDX2015,A,2009,97.406067,
FIN,MFP,TOT,IDX2015,A,2010,100.272093,
FIN,MFP,TOT,IDX2015,A,2011,101.590753,
FIN,MFP,TOT,IDX2015,A,2012,99.687434,
FIN,MFP,TOT,IDX2015,A,2013,99.534006,
FIN,MFP,TOT,IDX2015,A,2014,99.398603,
FIN,MFP,TOT,IDX2015,A,2015,100,
FIN,MFP,TOT,IDX2015,A,2016,102.208902,
FIN,MFP,TOT,IDX2015,A,2017,104.621789,
FIN,MFP,TOT,IDX2015,A,2018,103.609322,
FIN,MFP,TOT,IDX2015,A,2019,103.520999,
FIN,MFP,TOT,IDX2015,A,2020,102.864096,
FIN,MFP,TOT,IDX2015,A,2021,103.744911,
FRA,MFP,TOT,IDX2015,A,1985,81.712843,
FRA,MFP,TOT,IDX2015,A,1986,82.768543,
FRA,MFP,TOT,IDX2015,A,1987,83.080083,
FRA,MFP,TOT,IDX2015,A,1988,85.077763,
FRA,MFP,TOT,IDX2015,A,1989,87.158071,
FRA,MFP,TOT,IDX2015,A,1990,88.190766,
FRA,MFP,TOT,IDX2015,A,1991,88.187559,
FRA,MFP,TOT,IDX2015,A,1992,89.123945,
FRA,MFP,TOT,IDX2015,A,1993,88.820276,
FRA,MFP,TOT,IDX2015,A,1994,89.961457,
FRA,MFP,TOT,IDX2015,A,1995,91.349134,
FRA,MFP,TOT,IDX2015,A,1996,91.636514,
FRA,MFP,TOT,IDX2015,A,1997,92.493131,
FRA,MFP,TOT,IDX2015,A,1998,94.052376,
FRA,MFP,TOT,IDX2015,A,1999,94.757742,
FRA,MFP,TOT,IDX2015,A,2000,96.413572,
FRA,MFP,TOT,IDX2015,A,2001,97.104037,
FRA,MFP,TOT,IDX2015,A,2002,98.603546,
FRA,MFP,TOT,IDX2015,A,2003,98.472132,
FRA,MFP,TOT,IDX2015,A,2004,99.252474,
FRA,MFP,TOT,IDX2015,A,2005,99.601213,
FRA,MFP,TOT,IDX2015,A,2006,101.283614,
FRA,MFP,TOT,IDX2015,A,2007,100.633328,
FRA,MFP,TOT,IDX2015,A,2008,99.323124,
FRA,MFP,TOT,IDX2015,A,2009,97.333501,
FRA,MFP,TOT,IDX2015,A,2010,98.209132,
FRA,MFP,TOT,IDX2015,A,2011,98.944289,
FRA,MFP,TOT,IDX2015,A,2012,98.6785,
FRA,MFP,TOT,IDX2015,A,2013,99.264704,
FRA,MFP,TOT,IDX2015,A,2014,99.683416,
FRA,MFP,TOT,IDX2015,A,2015,100,
FRA,MFP,TOT,IDX2015,A,2016,99.888287,
FRA,MFP,TOT,IDX2015,A,2017,101.349432,
FRA,MFP,TOT,IDX2015,A,2018,101.424423,
FRA,MFP,TOT,IDX2015,A,2019,101.459901,
FRA,MFP,TOT,IDX2015,A,2020,99.015845,
FRA,MFP,TOT,IDX2015,A,2021,98.97692,
DEU,MFP,TOT,IDX2015,A,1985,75.039454,
DEU,MFP,TOT,IDX2015,A,1986,75.717373,
DEU,MFP,TOT,IDX2015,A,1987,76.183415,
DEU,MFP,TOT,IDX2015,A,1988,77.695502,
DEU,MFP,TOT,IDX2015,A,1989,79.759426,
DEU,MFP,TOT,IDX2015,A,1990,82.079301,
DEU,MFP,TOT,IDX2015,A,1991,84.334788,
DEU,MFP,TOT,IDX2015,A,1992,85.457674,
DEU,MFP,TOT,IDX2015,A,1993,85.830638,
DEU,MFP,TOT,IDX2015,A,1994,87.409327,
DEU,MFP,TOT,IDX2015,A,1995,88.184769,
DEU,MFP,TOT,IDX2015,A,1996,88.884634,
DEU,MFP,TOT,IDX2015,A,1997,90.307841,
DEU,MFP,TOT,IDX2015,A,1998,90.78516,
DEU,MFP,TOT,IDX2015,A,1999,91.208157,
DEU,MFP,TOT,IDX2015,A,2000,92.679151,
DEU,MFP,TOT,IDX2015,A,2001,93.9995,
DEU,MFP,TOT,IDX2015,A,2002,94.016415,
DEU,MFP,TOT,IDX2015,A,2003,93.957124,
DEU,MFP,TOT,IDX2015,A,2004,94.552709,
DEU,MFP,TOT,IDX2015,A,2005,95.404318,
DEU,MFP,TOT,IDX2015,A,2006,96.929261,
DEU,MFP,TOT,IDX2015,A,2007,97.912176,
DEU,MFP,TOT,IDX2015,A,2008,97.576574,
DEU,MFP,TOT,IDX2015,A,2009,93.608226,
DEU,MFP,TOT,IDX2015,A,2010,95.869681,
DEU,MFP,TOT,IDX2015,A,2011,98.2229,
DEU,MFP,TOT,IDX2015,A,2012,98.441264,
DEU,MFP,TOT,IDX2015,A,2013,98.624252,
DEU,MFP,TOT,IDX2015,A,2014,99.627088,
DEU,MFP,TOT,IDX2015,A,2015,100,
DEU,MFP,TOT,IDX2015,A,2016,101.150906,
DEU,MFP,TOT,IDX2015,A,2017,102.721144,
DEU,MFP,TOT,IDX2015,A,2018,102.656911,
DEU,MFP,TOT,IDX2015,A,2019,103.016255,
DEU,MFP,TOT,IDX2015,A,2020,102.547416,
DEU,MFP,TOT,IDX2015,A,2021,103.609793,
GRC,MFP,TOT,IDX2015,A,1990,105.265568,
GRC,MFP,TOT,IDX2015,A,1991,108.094756,
GRC,MFP,TOT,IDX2015,A,1992,105.93712,
GRC,MFP,TOT,IDX2015,A,1993,102.191362,
GRC,MFP,TOT,IDX2015,A,1994,103.398513,
GRC,MFP,TOT,IDX2015,A,1995,104.807834,
GRC,MFP,TOT,IDX2015,A,1996,107.260957,
GRC,MFP,TOT,IDX2015,A,1997,111.147363,
GRC,MFP,TOT,IDX2015,A,1998,110.013096,
GRC,MFP,TOT,IDX2015,A,1999,111.688545,
GRC,MFP,TOT,IDX2015,A,2000,113.658585,
GRC,MFP,TOT,IDX2015,A,2001,116.209189,
GRC,MFP,TOT,IDX2015,A,2002,117.017621,
GRC,MFP,TOT,IDX2015,A,2003,120.435149,
GRC,MFP,TOT,IDX2015,A,2004,122.829602,
GRC,MFP,TOT,IDX2015,A,2005,119.076681,
GRC,MFP,TOT,IDX2015,A,2006,122.729315,
GRC,MFP,TOT,IDX2015,A,2007,123.898014,
GRC,MFP,TOT,IDX2015,A,2008,120.605151,
GRC,MFP,TOT,IDX2015,A,2009,115.478467,
GRC,MFP,TOT,IDX2015,A,2010,112.732647,
GRC,MFP,TOT,IDX2015,A,2011,103.499599,
GRC,MFP,TOT,IDX2015,A,2012,98.662901,
GRC,MFP,TOT,IDX2015,A,2013,97.053999,
GRC,MFP,TOT,IDX2015,A,2014,97.793148,
GRC,MFP,TOT,IDX2015,A,2015,100,
GRC,MFP,TOT,IDX2015,A,2016,98.018323,
GRC,MFP,TOT,IDX2015,A,2017,99.620706,
GRC,MFP,TOT,IDX2015,A,2018,100.618091,
GRC,MFP,TOT,IDX2015,A,2019,102.20546,
ITA,MFP,TOT,IDX2015,A,1985,93.574989,
ITA,MFP,TOT,IDX2015,A,1986,94.399023,
ITA,MFP,TOT,IDX2015,A,1987,95.379083,
ITA,MFP,TOT,IDX2015,A,1988,97.187394,
ITA,MFP,TOT,IDX2015,A,1989,99.369072,
ITA,MFP,TOT,IDX2015,A,1990,99.489641,
ITA,MFP,TOT,IDX2015,A,1991,98.94944,
ITA,MFP,TOT,IDX2015,A,1992,99.360809,
ITA,MFP,TOT,IDX2015,A,1993,100.032047,
ITA,MFP,TOT,IDX2015,A,1994,103.074031,
ITA,MFP,TOT,IDX2015,A,1995,105.333554,
ITA,MFP,TOT,IDX2015,A,1996,104.936187,
ITA,MFP,TOT,IDX2015,A,1997,105.970427,
ITA,MFP,TOT,IDX2015,A,1998,105.566215,
ITA,MFP,TOT,IDX2015,A,1999,105.52253,
ITA,MFP,TOT,IDX2015,A,2000,107.600234,
ITA,MFP,TOT,IDX2015,A,2001,107.548637,
ITA,MFP,TOT,IDX2015,A,2002,105.876726,
ITA,MFP,TOT,IDX2015,A,2003,104.482166,
ITA,MFP,TOT,IDX2015,A,2004,104.742968,
ITA,MFP,TOT,IDX2015,A,2005,104.576229,
ITA,MFP,TOT,IDX2015,A,2006,104.168467,
ITA,MFP,TOT,IDX2015,A,2007,103.762223,
ITA,MFP,TOT,IDX2015,A,2008,102.440646,
ITA,MFP,TOT,IDX2015,A,2009,99.058253,
ITA,MFP,TOT,IDX2015,A,2010,100.776878,
ITA,MFP,TOT,IDX2015,A,2011,101.176585,
ITA,MFP,TOT,IDX2015,A,2012,99.757673,
ITA,MFP,TOT,IDX2015,A,2013,99.73002,
ITA,MFP,TOT,IDX2015,A,2014,99.774013,
ITA,MFP,TOT,IDX2015,A,2015,100,
ITA,MFP,TOT,IDX2015,A,2016,100.036966,
ITA,MFP,TOT,IDX2015,A,2017,100.839757,
ITA,MFP,TOT,IDX2015,A,2018,100.943193,
ITA,MFP,TOT,IDX2015,A,2019,101.297171,
ITA,MFP,TOT,IDX2015,A,2020,100.749339,
ITA,MFP,TOT,IDX2015,A,2021,101.539869,
JPN,MFP,TOT,IDX2015,A,1985,77.746715,
JPN,MFP,TOT,IDX2015,A,1986,78.470587,
JPN,MFP,TOT,IDX2015,A,1987,80.427657,
JPN,MFP,TOT,IDX2015,A,1988,83.459192,
JPN,MFP,TOT,IDX2015,A,1989,85.477255,
JPN,MFP,TOT,IDX2015,A,1990,87.906652,
JPN,MFP,TOT,IDX2015,A,1991,88.920804,
JPN,MFP,TOT,IDX2015,A,1992,88.52319,
JPN,MFP,TOT,IDX2015,A,1993,88.530774,
JPN,MFP,TOT,IDX2015,A,1994,88.547301,
JPN,MFP,TOT,IDX2015,A,1995,89.94016,
JPN,MFP,TOT,IDX2015,A,1996,91.040223,
JPN,MFP,TOT,IDX2015,A,1997,91.077365,
JPN,MFP,TOT,IDX2015,A,1998,90.232295,
JPN,MFP,TOT,IDX2015,A,1999,90.706894,
JPN,MFP,TOT,IDX2015,A,2000,92.197989,
JPN,MFP,TOT,IDX2015,A,2001,92.253517,
JPN,MFP,TOT,IDX2015,A,2002,92.647257,
JPN,MFP,TOT,IDX2015,A,2003,93.388408,
JPN,MFP,TOT,IDX2015,A,2004,94.943654,
JPN,MFP,TOT,IDX2015,A,2005,95.846592,
JPN,MFP,TOT,IDX2015,A,2006,95.789547,
JPN,MFP,TOT,IDX2015,A,2007,96.152549,
JPN,MFP,TOT,IDX2015,A,2008,95.131822,
JPN,MFP,TOT,IDX2015,A,2009,92.333479,
JPN,MFP,TOT,IDX2015,A,2010,95.34405,
JPN,MFP,TOT,IDX2015,A,2011,95.689449,
JPN,MFP,TOT,IDX2015,A,2012,96.691302,
JPN,MFP,TOT,IDX2015,A,2013,98.588172,
JPN,MFP,TOT,IDX2015,A,2014,98.509744,
JPN,MFP,TOT,IDX2015,A,2015,100,
JPN,MFP,TOT,IDX2015,A,2016,100.0804,
JPN,MFP,TOT,IDX2015,A,2017,100.975955,
JPN,MFP,TOT,IDX2015,A,2018,101.274708,
JPN,MFP,TOT,IDX2015,A,2019,101.671816,
JPN,MFP,TOT,IDX2015,A,2020,99.189838,
KOR,MFP,TOT,IDX2015,A,1990,48.650286,
KOR,MFP,TOT,IDX2015,A,1991,51.327576,
KOR,MFP,TOT,IDX2015,A,1992,52.627269,
KOR,MFP,TOT,IDX2015,A,1993,54.075444,
KOR,MFP,TOT,IDX2015,A,1994,56.269011,
KOR,MFP,TOT,IDX2015,A,1995,58.430197,
KOR,MFP,TOT,IDX2015,A,1996,60.455267,
KOR,MFP,TOT,IDX2015,A,1997,62.806866,
KOR,MFP,TOT,IDX2015,A,1998,63.315059,
KOR,MFP,TOT,IDX2015,A,1999,67.94433,
KOR,MFP,TOT,IDX2015,A,2000,69.634139,
KOR,MFP,TOT,IDX2015,A,2001,70.7069,
KOR,MFP,TOT,IDX2015,A,2002,74.020267,
KOR,MFP,TOT,IDX2015,A,2003,75.858916,
KOR,MFP,TOT,IDX2015,A,2004,78.204213,
KOR,MFP,TOT,IDX2015,A,2005,80.614745,
KOR,MFP,TOT,IDX2015,A,2006,82.999811,
KOR,MFP,TOT,IDX2015,A,2007,86.761338,
KOR,MFP,TOT,IDX2015,A,2008,89.827578,
KOR,MFP,TOT,IDX2015,A,2009,91.23288,
KOR,MFP,TOT,IDX2015,A,2010,95.472284,
KOR,MFP,TOT,IDX2015,A,2011,97.03743,
KOR,MFP,TOT,IDX2015,A,2012,97.294859,
KOR,MFP,TOT,IDX2015,A,2013,98.399225,
KOR,MFP,TOT,IDX2015,A,2014,99.550968,
KOR,MFP,TOT,IDX2015,A,2015,100,
KOR,MFP,TOT,IDX2015,A,2016,101.504317,
KOR,MFP,TOT,IDX2015,A,2017,104.120982,
KOR,MFP,TOT,IDX2015,A,2018,106.483463,
KOR,MFP,TOT,IDX2015,A,2019,107.823479,
KOR,MFP,TOT,IDX2015,A,2020,108.819902,
KOR,MFP,TOT,IDX2015,A,2021,110.674469,
LUX,MFP,TOT,IDX2015,A,1996,98.650554,
LUX,MFP,TOT,IDX2015,A,1997,99.603195,
LUX,MFP,TOT,IDX2015,A,1998,101.446937,
LUX,MFP,TOT,IDX2015,A,1999,104.01932,
LUX,MFP,TOT,IDX2015,A,2000,104.839647,
LUX,MFP,TOT,IDX2015,A,2001,102.357887,
LUX,MFP,TOT,IDX2015,A,2002,102.608428,
LUX,MFP,TOT,IDX2015,A,2003,102.838537,
LUX,MFP,TOT,IDX2015,A,2004,104.151016,
LUX,MFP,TOT,IDX2015,A,2005,104.687051,
LUX,MFP,TOT,IDX2015,A,2006,106.87488,
LUX,MFP,TOT,IDX2015,A,2007,109.675121,
LUX,MFP,TOT,IDX2015,A,2008,103.923574,
LUX,MFP,TOT,IDX2015,A,2009,102.284598,
LUX,MFP,TOT,IDX2015,A,2010,103.620291,
LUX,MFP,TOT,IDX2015,A,2011,101.328866,
LUX,MFP,TOT,IDX2015,A,2012,100.262304,
LUX,MFP,TOT,IDX2015,A,2013,101.442244,
LUX,MFP,TOT,IDX2015,A,2014,100.819861,
LUX,MFP,TOT,IDX2015,A,2015,100,
LUX,MFP,TOT,IDX2015,A,2016,101.963629,
LUX,MFP,TOT,IDX2015,A,2017,100.24826,
LUX,MFP,TOT,IDX2015,A,2018,98.561865,
LUX,MFP,TOT,IDX2015,A,2019,97.79265,
LUX,MFP,TOT,IDX2015,A,2020,99.624116,
NLD,MFP,TOT,IDX2015,A,1985,84.683803,
NLD,MFP,TOT,IDX2015,A,1986,85.295018,
NLD,MFP,TOT,IDX2015,A,1987,85.666557,
NLD,MFP,TOT,IDX2015,A,1988,86.765269,
NLD,MFP,TOT,IDX2015,A,1989,88.125219,
NLD,MFP,TOT,IDX2015,A,1990,89.027331,
NLD,MFP,TOT,IDX2015,A,1991,89.465483,
NLD,MFP,TOT,IDX2015,A,1992,88.939528,
NLD,MFP,TOT,IDX2015,A,1993,89.635967,
NLD,MFP,TOT,IDX2015,A,1994,90.914133,
NLD,MFP,TOT,IDX2015,A,1995,90.102878,
NLD,MFP,TOT,IDX2015,A,1996,90.449591,
NLD,MFP,TOT,IDX2015,A,1997,92.074273,
NLD,MFP,TOT,IDX2015,A,1998,93.701554,
NLD,MFP,TOT,IDX2015,A,1999,95.084565,
NLD,MFP,TOT,IDX2015,A,2000,97.160137,
NLD,MFP,TOT,IDX2015,A,2001,97.446523,
NLD,MFP,TOT,IDX2015,A,2002,97.34311,
NLD,MFP,TOT,IDX2015,A,2003,97.732862,
NLD,MFP,TOT,IDX2015,A,2004,98.867669,
NLD,MFP,TOT,IDX2015,A,2005,100.430345,
NLD,MFP,TOT,IDX2015,A,2006,101.571186,
NLD,MFP,TOT,IDX2015,A,2007,101.824911,
NLD,MFP,TOT,IDX2015,A,2008,101.94766,
NLD,MFP,TOT,IDX2015,A,2009,98.717489,
NLD,MFP,TOT,IDX2015,A,2010,100.144334,
NLD,MFP,TOT,IDX2015,A,2011,100.527405,
NLD,MFP,TOT,IDX2015,A,2012,99.720184,
NLD,MFP,TOT,IDX2015,A,2013,99.657825,
NLD,MFP,TOT,IDX2015,A,2014,100.261502,
NLD,MFP,TOT,IDX2015,A,2015,100,
NLD,MFP,TOT,IDX2015,A,2016,100.053753,
NLD,MFP,TOT,IDX2015,A,2017,100.876616,
NLD,MFP,TOT,IDX2015,A,2018,100.951501,
NLD,MFP,TOT,IDX2015,A,2019,100.524887,
NLD,MFP,TOT,IDX2015,A,2020,98.325118,
NLD,MFP,TOT,IDX2015,A,2021,100.195668,
NZL,MFP,TOT,IDX2015,A,1987,83.335026,
NZL,MFP,TOT,IDX2015,A,1988,85.899545,
NZL,MFP,TOT,IDX2015,A,1989,87.337828,
NZL,MFP,TOT,IDX2015,A,1990,88.656114,
NZL,MFP,TOT,IDX2015,A,1991,86.765286,
NZL,MFP,TOT,IDX2015,A,1992,88.926813,
NZL,MFP,TOT,IDX2015,A,1993,91.512495,
NZL,MFP,TOT,IDX2015,A,1994,92.283797,
NZL,MFP,TOT,IDX2015,A,1995,92.858127,
NZL,MFP,TOT,IDX2015,A,1996,92.931903,
NZL,MFP,TOT,IDX2015,A,1997,94.825813,
NZL,MFP,TOT,IDX2015,A,1998,92.951843,
NZL,MFP,TOT,IDX2015,A,1999,93.94237,
NZL,MFP,TOT,IDX2015,A,2000,95.359638,
NZL,MFP,TOT,IDX2015,A,2001,96.415994,
NZL,MFP,TOT,IDX2015,A,2002,97.949411,
NZL,MFP,TOT,IDX2015,A,2003,98.947683,
NZL,MFP,TOT,IDX2015,A,2004,97.876133,
NZL,MFP,TOT,IDX2015,A,2005,96.923174,
NZL,MFP,TOT,IDX2015,A,2006,97.127726,
NZL,MFP,TOT,IDX2015,A,2007,99.321424,
NZL,MFP,TOT,IDX2015,A,2008,95.459785,
NZL,MFP,TOT,IDX2015,A,2009,98.650927,
NZL,MFP,TOT,IDX2015,A,2010,97.251947,
NZL,MFP,TOT,IDX2015,A,2011,98.245505,
NZL,MFP,TOT,IDX2015,A,2012,100.535298,
NZL,MFP,TOT,IDX2015,A,2013,98.415861,
NZL,MFP,TOT,IDX2015,A,2014,98.127624,
NZL,MFP,TOT,IDX2015,A,2015,100,
NZL,MFP,TOT,IDX2015,A,2016,99.280118,
NZL,MFP,TOT,IDX2015,A,2017,99.464247,
NZL,MFP,TOT,IDX2015,A,2018,101.157506,
NZL,MFP,TOT,IDX2015,A,2019,100.201013,
NZL,MFP,TOT,IDX2015,A,2020,100.200616,
NZL,MFP,TOT,IDX2015,A,2021,101.276528,
NOR,MFP,TOT,IDX2015,A,1990,81.004276,
NOR,MFP,TOT,IDX2015,A,1991,83.864149,
NOR,MFP,TOT,IDX2015,A,1992,86.485188,
NOR,MFP,TOT,IDX2015,A,1993,88.43793,
NOR,MFP,TOT,IDX2015,A,1994,91.750242,
NOR,MFP,TOT,IDX2015,A,1995,94.484709,
NOR,MFP,TOT,IDX2015,A,1996,97.3223,
NOR,MFP,TOT,IDX2015,A,1997,99.427026,
NOR,MFP,TOT,IDX2015,A,1998,98.806152,
NOR,MFP,TOT,IDX2015,A,1999,98.946733,
NOR,MFP,TOT,IDX2015,A,2000,101.399078,
NOR,MFP,TOT,IDX2015,A,2001,103.55165,
NOR,MFP,TOT,IDX2015,A,2002,104.567961,
NOR,MFP,TOT,IDX2015,A,2003,106.34962,
NOR,MFP,TOT,IDX2015,A,2004,107.866655,
NOR,MFP,TOT,IDX2015,A,2005,108.316351,
NOR,MFP,TOT,IDX2015,A,2006,107.089457,
NOR,MFP,TOT,IDX2015,A,2007,104.966628,
NOR,MFP,TOT,IDX2015,A,2008,101.084944,
NOR,MFP,TOT,IDX2015,A,2009,99.714536,
NOR,MFP,TOT,IDX2015,A,2010,99.302713,
NOR,MFP,TOT,IDX2015,A,2011,98.138876,
NOR,MFP,TOT,IDX2015,A,2012,98.715934,
NOR,MFP,TOT,IDX2015,A,2013,98.648119,
NOR,MFP,TOT,IDX2015,A,2014,98.996338,
NOR,MFP,TOT,IDX2015,A,2015,100,
NOR,MFP,TOT,IDX2015,A,2016,100.07149,
NOR,MFP,TOT,IDX2015,A,2017,101.360861,
NOR,MFP,TOT,IDX2015,A,2018,100.519263,
NOR,MFP,TOT,IDX2015,A,2019,99.174367,
NOR,MFP,TOT,IDX2015,A,2020,99.168022,
PRT,MFP,TOT,IDX2015,A,1985,81.955058,
PRT,MFP,TOT,IDX2015,A,1986,85.179498,
PRT,MFP,TOT,IDX2015,A,1987,87.765771,
PRT,MFP,TOT,IDX2015,A,1988,91.827667,
PRT,MFP,TOT,IDX2015,A,1989,94.657004,
PRT,MFP,TOT,IDX2015,A,1990,96.186121,
PRT,MFP,TOT,IDX2015,A,1991,99.528564,
PRT,MFP,TOT,IDX2015,A,1992,101.004763,
PRT,MFP,TOT,IDX2015,A,1993,99.370243,
PRT,MFP,TOT,IDX2015,A,1994,98.989773,
PRT,MFP,TOT,IDX2015,A,1995,99.944239,
PRT,MFP,TOT,IDX2015,A,1996,100.920054,
PRT,MFP,TOT,IDX2015,A,1997,102.057902,
PRT,MFP,TOT,IDX2015,A,1998,102.239125,
PRT,MFP,TOT,IDX2015,A,1999,103.004772,
PRT,MFP,TOT,IDX2015,A,2000,102.847345,
PRT,MFP,TOT,IDX2015,A,2001,102.406179,
PRT,MFP,TOT,IDX2015,A,2002,101.674174,
PRT,MFP,TOT,IDX2015,A,2003,100.466859,
PRT,MFP,TOT,IDX2015,A,2004,101.313032,
PRT,MFP,TOT,IDX2015,A,2005,101.199202,
PRT,MFP,TOT,IDX2015,A,2006,101.864404,
PRT,MFP,TOT,IDX2015,A,2007,102.442905,
PRT,MFP,TOT,IDX2015,A,2008,101.691071,
PRT,MFP,TOT,IDX2015,A,2009,99.43604,
PRT,MFP,TOT,IDX2015,A,2010,101.040159,
PRT,MFP,TOT,IDX2015,A,2011,100.893322,
PRT,MFP,TOT,IDX2015,A,2012,99.961358,
PRT,MFP,TOT,IDX2015,A,2013,100.454751,
PRT,MFP,TOT,IDX2015,A,2014,99.764261,
PRT,MFP,TOT,IDX2015,A,2015,100,
PRT,MFP,TOT,IDX2015,A,2016,100.333994,
PRT,MFP,TOT,IDX2015,A,2017,101.388463,
PRT,MFP,TOT,IDX2015,A,2018,101.468945,
PRT,MFP,TOT,IDX2015,A,2019,102.611865,
PRT,MFP,TOT,IDX2015,A,2020,100.515146,
ESP,MFP,TOT,IDX2015,A,1985,93.903672,
ESP,MFP,TOT,IDX2015,A,1986,94.828389,
ESP,MFP,TOT,IDX2015,A,1987,95.903713,
ESP,MFP,TOT,IDX2015,A,1988,97.10601,
ESP,MFP,TOT,IDX2015,A,1989,98.110356,
ESP,MFP,TOT,IDX2015,A,1990,97.473984,
ESP,MFP,TOT,IDX2015,A,1991,97.361099,
ESP,MFP,TOT,IDX2015,A,1992,98.576989,
ESP,MFP,TOT,IDX2015,A,1993,99.387139,
ESP,MFP,TOT,IDX2015,A,1994,101.366099,
ESP,MFP,TOT,IDX2015,A,1995,101.712821,
ESP,MFP,TOT,IDX2015,A,1996,102.213779,
ESP,MFP,TOT,IDX2015,A,1997,101.845456,
ESP,MFP,TOT,IDX2015,A,1998,101.209512,
ESP,MFP,TOT,IDX2015,A,1999,100.544995,
ESP,MFP,TOT,IDX2015,A,2000,100.713508,
ESP,MFP,TOT,IDX2015,A,2001,100.421528,
ESP,MFP,TOT,IDX2015,A,2002,99.937525,
ESP,MFP,TOT,IDX2015,A,2003,99.574854,
ESP,MFP,TOT,IDX2015,A,2004,99.264026,
ESP,MFP,TOT,IDX2015,A,2005,99.098177,
ESP,MFP,TOT,IDX2015,A,2006,99.100141,
ESP,MFP,TOT,IDX2015,A,2007,99.30067,
ESP,MFP,TOT,IDX2015,A,2008,98.336182,
ESP,MFP,TOT,IDX2015,A,2009,98.083511,
ESP,MFP,TOT,IDX2015,A,2010,98.94359,
ESP,MFP,TOT,IDX2015,A,2011,98.932294,
ESP,MFP,TOT,IDX2015,A,2012,98.667334,
ESP,MFP,TOT,IDX2015,A,2013,98.692744,
ESP,MFP,TOT,IDX2015,A,2014,98.863123,
ESP,MFP,TOT,IDX2015,A,2015,100,
ESP,MFP,TOT,IDX2015,A,2016,100.667519,
ESP,MFP,TOT,IDX2015,A,2017,101.603086,
ESP,MFP,TOT,IDX2015,A,2018,101.585717,
ESP,MFP,TOT,IDX2015,A,2019,102.078332,
ESP,MFP,TOT,IDX2015,A,2020,98.354325,
SWE,MFP,TOT,IDX2015,A,1985,81.978651,
SWE,MFP,TOT,IDX2015,A,1986,82.678567,
SWE,MFP,TOT,IDX2015,A,1987,83.288431,
SWE,MFP,TOT,IDX2015,A,1988,82.527613,
SWE,MFP,TOT,IDX2015,A,1989,82.404596,
SWE,MFP,TOT,IDX2015,A,1990,81.329003,
SWE,MFP,TOT,IDX2015,A,1991,80.766953,
SWE,MFP,TOT,IDX2015,A,1992,80.983612,
SWE,MFP,TOT,IDX2015,A,1993,80.943381,
SWE,MFP,TOT,IDX2015,A,1994,82.56569,
SWE,MFP,TOT,IDX2015,A,1995,83.648986,
SWE,MFP,TOT,IDX2015,A,1996,83.979635,
SWE,MFP,TOT,IDX2015,A,1997,86.070593,
SWE,MFP,TOT,IDX2015,A,1998,87.403859,
SWE,MFP,TOT,IDX2015,A,1999,87.956713,
SWE,MFP,TOT,IDX2015,A,2000,89.730444,
SWE,MFP,TOT,IDX2015,A,2001,89.296021,
SWE,MFP,TOT,IDX2015,A,2002,91.173309,
SWE,MFP,TOT,IDX2015,A,2003,93.103203,
SWE,MFP,TOT,IDX2015,A,2004,95.506512,
SWE,MFP,TOT,IDX2015,A,2005,97.027483,
SWE,MFP,TOT,IDX2015,A,2006,99.100664,
SWE,MFP,TOT,IDX2015,A,2007,99.092887,
SWE,MFP,TOT,IDX2015,A,2008,96.600664,
SWE,MFP,TOT,IDX2015,A,2009,93.849911,
SWE,MFP,TOT,IDX2015,A,2010,97.194165,
SWE,MFP,TOT,IDX2015,A,2011,97.893538,
SWE,MFP,TOT,IDX2015,A,2012,96.689514,
SWE,MFP,TOT,IDX2015,A,2013,96.93225,
SWE,MFP,TOT,IDX2015,A,2014,97.785682,
SWE,MFP,TOT,IDX2015,A,2015,100,
SWE,MFP,TOT,IDX2015,A,2016,99.238541,
SWE,MFP,TOT,IDX2015,A,2017,99.443978,
SWE,MFP,TOT,IDX2015,A,2018,99.274831,
SWE,MFP,TOT,IDX2015,A,2019,100.592089,
SWE,MFP,TOT,IDX2015,A,2020,99.694958,
SWE,MFP,TOT,IDX2015,A,2021,101.686484,
CHE,MFP,TOT,IDX2015,A,1992,96.593064,
CHE,MFP,TOT,IDX2015,A,1993,96.046499,
CHE,MFP,TOT,IDX2015,A,1994,95.817462,
CHE,MFP,TOT,IDX2015,A,1995,95.943866,
CHE,MFP,TOT,IDX2015,A,1996,96.378349,
CHE,MFP,TOT,IDX2015,A,1997,97.781765,
CHE,MFP,TOT,IDX2015,A,1998,97.951045,
CHE,MFP,TOT,IDX2015,A,1999,96.523958,
CHE,MFP,TOT,IDX2015,A,2000,98.299409,
CHE,MFP,TOT,IDX2015,A,2001,98.962888,
CHE,MFP,TOT,IDX2015,A,2002,98.014235,
CHE,MFP,TOT,IDX2015,A,2003,96.693599,
CHE,MFP,TOT,IDX2015,A,2004,96.828727,
CHE,MFP,TOT,IDX2015,A,2005,98.146114,
CHE,MFP,TOT,IDX2015,A,2006,99.829156,
CHE,MFP,TOT,IDX2015,A,2007,100.898642,
CHE,MFP,TOT,IDX2015,A,2008,101.096882,
CHE,MFP,TOT,IDX2015,A,2009,97.888987,
CHE,MFP,TOT,IDX2015,A,2010,99.892444,
CHE,MFP,TOT,IDX2015,A,2011,99.293579,
CHE,MFP,TOT,IDX2015,A,2012,99.045082,
CHE,MFP,TOT,IDX2015,A,2013,100.06749,
CHE,MFP,TOT,IDX2015,A,2014,100.716624,
CHE,MFP,TOT,IDX2015,A,2015,100,
CHE,MFP,TOT,IDX2015,A,2016,100.371111,
CHE,MFP,TOT,IDX2015,A,2017,101.13588,
CHE,MFP,TOT,IDX2015,A,2018,102.979832,
CHE,MFP,TOT,IDX2015,A,2019,103.136301,
CHE,MFP,TOT,IDX2015,A,2020,102.848986,
CHE,MFP,TOT,IDX2015,A,2021,104.419717,
GBR,MFP,TOT,IDX2015,A,1985,77.626694,
GBR,MFP,TOT,IDX2015,A,1986,79.082519,
GBR,MFP,TOT,IDX2015,A,1987,81.458461,
GBR,MFP,TOT,IDX2015,A,1988,81.374049,
GBR,MFP,TOT,IDX2015,A,1989,80.954014,
GBR,MFP,TOT,IDX2015,A,1990,80.496433,
GBR,MFP,TOT,IDX2015,A,1991,80.153451,
GBR,MFP,TOT,IDX2015,A,1992,81.579552,
GBR,MFP,TOT,IDX2015,A,1993,83.183487,
GBR,MFP,TOT,IDX2015,A,1994,84.330628,
GBR,MFP,TOT,IDX2015,A,1995,84.560412,
GBR,MFP,TOT,IDX2015,A,1996,84.784556,
GBR,MFP,TOT,IDX2015,A,1997,87.171374,
GBR,MFP,TOT,IDX2015,A,1998,89.067668,
GBR,MFP,TOT,IDX2015,A,1999,90.809005,
GBR,MFP,TOT,IDX2015,A,2000,93.660763,
GBR,MFP,TOT,IDX2015,A,2001,94.218478,
GBR,MFP,TOT,IDX2015,A,2002,95.611772,
GBR,MFP,TOT,IDX2015,A,2003,97.721412,
GBR,MFP,TOT,IDX2015,A,2004,98.676233,
GBR,MFP,TOT,IDX2015,A,2005,99.313272,
GBR,MFP,TOT,IDX2015,A,2006,100.460856,
GBR,MFP,TOT,IDX2015,A,2007,101.432701,
GBR,MFP,TOT,IDX2015,A,2008,100.796388,
GBR,MFP,TOT,IDX2015,A,2009,97.331161,
GBR,MFP,TOT,IDX2015,A,2010,99.30147,
GBR,MFP,TOT,IDX2015,A,2011,98.967394,
GBR,MFP,TOT,IDX2015,A,2012,98.209168,
GBR,MFP,TOT,IDX2015,A,2013,98.428961,
GBR,MFP,TOT,IDX2015,A,2014,98.72311,
GBR,MFP,TOT,IDX2015,A,2015,100,
GBR,MFP,TOT,IDX2015,A,2016,99.545962,
GBR,MFP,TOT,IDX2015,A,2017,100.868941,
GBR,MFP,TOT,IDX2015,A,2018,101.036234,
GBR,MFP,TOT,IDX2015,A,2019,101.207122,
GBR,MFP,TOT,IDX2015,A,2020,98.865503,
GBR,MFP,TOT,IDX2015,A,2021,98.783518,
USA,MFP,TOT,IDX2015,A,1985,76.959354,
USA,MFP,TOT,IDX2015,A,1986,77.912287,
USA,MFP,TOT,IDX2015,A,1987,78.090238,
USA,MFP,TOT,IDX2015,A,1988,78.704558,
USA,MFP,TOT,IDX2015,A,1989,79.047283,
USA,MFP,TOT,IDX2015,A,1990,79.574135,
USA,MFP,TOT,IDX2015,A,1991,79.598821,
USA,MFP,TOT,IDX2015,A,1992,81.637487,
USA,MFP,TOT,IDX2015,A,1993,81.769318,
USA,MFP,TOT,IDX2015,A,1994,82.415921,
USA,MFP,TOT,IDX2015,A,1995,82.309501,
USA,MFP,TOT,IDX2015,A,1996,83.680183,
USA,MFP,TOT,IDX2015,A,1997,84.399469,
USA,MFP,TOT,IDX2015,A,1998,85.506935,
USA,MFP,TOT,IDX2015,A,1999,87.034466,
USA,MFP,TOT,IDX2015,A,2000,88.343361,
USA,MFP,TOT,IDX2015,A,2001,88.966893,
USA,MFP,TOT,IDX2015,A,2002,90.4047,
USA,MFP,TOT,IDX2015,A,2003,92.325942,
USA,MFP,TOT,IDX2015,A,2004,94.16458,
USA,MFP,TOT,IDX2015,A,2005,95.501407,
USA,MFP,TOT,IDX2015,A,2006,95.813271,
USA,MFP,TOT,IDX2015,A,2007,96.305551,
USA,MFP,TOT,IDX2015,A,2008,96.400166,
USA,MFP,TOT,IDX2015,A,2009,97.444629,
USA,MFP,TOT,IDX2015,A,2010,99.403636,
USA,MFP,TOT,IDX2015,A,2011,99.187163,
USA,MFP,TOT,IDX2015,A,2012,99.336797,
USA,MFP,TOT,IDX2015,A,2013,99.411654,
USA,MFP,TOT,IDX2015,A,2014,99.558295,
USA,MFP,TOT,IDX2015,A,2015,100,
USA,MFP,TOT,IDX2015,A,2016,100.018943,
USA,MFP,TOT,IDX2015,A,2017,100.59992,
USA,MFP,TOT,IDX2015,A,2018,101.426241,
USA,MFP,TOT,IDX2015,A,2019,102.130443,
USA,MFP,TOT,IDX2015,A,2020,103.163659,
USA,MFP,TOT,IDX2015,A,2021,104.816207,
IRL,MFP,TOT,IDX2015,A,1985,58.925428,
IRL,MFP,TOT,IDX2015,A,1986,57.857545,
IRL,MFP,TOT,IDX2015,A,1987,60.377924,
IRL,MFP,TOT,IDX2015,A,1988,62.875755,
IRL,MFP,TOT,IDX2015,A,1989,65.878889,
IRL,MFP,TOT,IDX2015,A,1990,68.758661,
IRL,MFP,TOT,IDX2015,A,1991,70.784105,
IRL,MFP,TOT,IDX2015,A,1992,73.646592,
IRL,MFP,TOT,IDX2015,A,1993,75.169526,
IRL,MFP,TOT,IDX2015,A,1994,77.012811,
IRL,MFP,TOT,IDX2015,A,1995,80.652924,
IRL,MFP,TOT,IDX2015,A,1996,83.391525,
IRL,MFP,TOT,IDX2015,A,1997,88.439625,
IRL,MFP,TOT,IDX2015,A,1998,89.865704,
IRL,MFP,TOT,IDX2015,A,1999,93.023325,
IRL,MFP,TOT,IDX2015,A,2000,96.875119,
IRL,MFP,TOT,IDX2015,A,2001,98.155689,
IRL,MFP,TOT,IDX2015,A,2002,101.626067,
IRL,MFP,TOT,IDX2015,A,2003,102.139037,
IRL,MFP,TOT,IDX2015,A,2004,104.889249,
IRL,MFP,TOT,IDX2015,A,2005,104.405046,
IRL,MFP,TOT,IDX2015,A,2006,103.848086,
IRL,MFP,TOT,IDX2015,A,2007,104.290654,
IRL,MFP,TOT,IDX2015,A,2008,99.065456,
IRL,MFP,TOT,IDX2015,A,2009,99.09551,
IRL,MFP,TOT,IDX2015,A,2010,106.410605,
IRL,MFP,TOT,IDX2015,A,2011,107.110647,
IRL,MFP,TOT,IDX2015,A,2012,105.762824,
IRL,MFP,TOT,IDX2015,A,2013,102.68691,
IRL,MFP,TOT,IDX2015,A,2014,107.050204,
ISR,MFP,TOT,AGRWTH,A,1996,-0.041976,
ISR,MFP,TOT,AGRWTH,A,1997,-0.282011,
ISR,MFP,TOT,AGRWTH,A,1998,1.28703,
ISR,MFP,TOT,AGRWTH,A,1999,-1.288112,
ISR,MFP,TOT,AGRWTH,A,2000,3.096182,
ISR,MFP,TOT,AGRWTH,A,2001,-0.426719,
ISR,MFP,TOT,AGRWTH,A,2002,-2.392801,
ISR,MFP,TOT,AGRWTH,A,2003,0.499945,
ISR,MFP,TOT,AGRWTH,A,2004,3.7102,
ISR,MFP,TOT,AGRWTH,A,2005,1.000137,
ISR,MFP,TOT,AGRWTH,A,2006,2.633126,
ISR,MFP,TOT,AGRWTH,A,2007,0.877381,
ISR,MFP,TOT,AGRWTH,A,2008,-0.595716,
ISR,MFP,TOT,AGRWTH,A,2009,-1.590125,
ISR,MFP,TOT,AGRWTH,A,2010,2.606633,
ISR,MFP,TOT,AGRWTH,A,2011,2.467897,
ISR,MFP,TOT,AGRWTH,A,2012,-0.581901,
ISR,MFP,TOT,AGRWTH,A,2013,1.796776,
ISR,MFP,TOT,AGRWTH,A,2014,1.507923,
ISR,MFP,TOT,AGRWTH,A,2015,0.095219,
ISR,MFP,TOT,AGRWTH,A,2016,0.791934,
ISR,MFP,TOT,AGRWTH,A,2017,1.430347,
ISR,MFP,TOT,AGRWTH,A,2018,1.754145,
ISR,MFP,TOT,AGRWTH,A,2019,2.184743,
ISR,MFP,TOT,AGRWTH,A,2020,3.251533,
ISR,MFP,TOT,AGRWTH,A,2021,1.619678,
ISR,MFP,TOT,IDX2015,A,1996,86.841143,
ISR,MFP,TOT,IDX2015,A,1997,86.596241,
ISR,MFP,TOT,IDX2015,A,1998,87.710761,
ISR,MFP,TOT,IDX2015,A,1999,86.580948,
ISR,MFP,TOT,IDX2015,A,2000,89.261652,
ISR,MFP,TOT,IDX2015,A,2001,88.880755,
ISR,MFP,TOT,IDX2015,A,2002,86.754015,
ISR,MFP,TOT,IDX2015,A,2003,87.187737,
ISR,MFP,TOT,IDX2015,A,2004,90.422577,
ISR,MFP,TOT,IDX2015,A,2005,91.326927,
ISR,MFP,TOT,IDX2015,A,2006,93.73168,
ISR,MFP,TOT,IDX2015,A,2007,94.554064,
ISR,MFP,TOT,IDX2015,A,2008,93.990791,
ISR,MFP,TOT,IDX2015,A,2009,92.49622,
ISR,MFP,TOT,IDX2015,A,2010,94.907257,
ISR,MFP,TOT,IDX2015,A,2011,97.24947,
ISR,MFP,TOT,IDX2015,A,2012,96.683574,
ISR,MFP,TOT,IDX2015,A,2013,98.420762,
ISR,MFP,TOT,IDX2015,A,2014,99.904871,
ISR,MFP,TOT,IDX2015,A,2015,100,
ISR,MFP,TOT,IDX2015,A,2016,100.791934,
ISR,MFP,TOT,IDX2015,A,2017,102.233608,
ISR,MFP,TOT,IDX2015,A,2018,104.026934,
ISR,MFP,TOT,IDX2015,A,2019,106.299655,
ISR,MFP,TOT,IDX2015,A,2020,109.756023,
ISR,MFP,TOT,IDX2015,A,2021,111.533717,
